City,total_hospitals,total_beds,average_beds,bed_to_hospital_ratio
Abbeville,2,230,115.0,115.0
Aberdeen,4,630,157.5,157.5
Abilene,3,430,143.33333333333334,143.33333333333334
Abingdon,1,200,200.0,200.0
Abington,1,200,200.0,200.0
Ackerman,1,30,30.0,30.0
Ada,3,430,143.33333333333334,143.33333333333334
Addison,1,200,200.0,200.0
Adel,1,200,200.0,200.0
Adrian,1,200,200.0,200.0
Afton,1,30,30.0,30.0
Aguadilla,1,200,200.0,200.0
Ahoskie,1,200,200.0,200.0
Aibonito,1,200,200.0,200.0
Aiea,1,200,200.0,200.0
Aiken,1,200,200.0,200.0
Ainsworth,1,30,30.0,30.0
Aitkin,1,30,30.0,30.0
Akron,4,700,175.0,175.0
Alabaster,1,200,200.0,200.0
Alameda,1,200,200.0,200.0
Alamogordo,1,200,200.0,200.0
Alamosa,1,200,200.0,200.0
Albany,7,1230,175.71428571428572,175.71428571428572
Albemarle,1,200,200.0,200.0
Albert Lea,1,200,200.0,200.0
Albia,1,30,30.0,30.0
Albion,1,30,30.0,30.0
Albuquerque,5,1000,200.0,200.0
Aledo,1,30,30.0,30.0
Alexander City,1,200,200.0,200.0
Alexandria,6,1200,200.0,200.0
Alexandria Bay,1,30,30.0,30.0
Algona,1,30,30.0,30.0
Alhambra,1,200,200.0,200.0
Alice,1,200,200.0,200.0
Allegan,1,30,30.0,30.0
Allen,2,300,150.0,150.0
Allentown,3,600,200.0,200.0
Alliance,2,230,115.0,115.0
Alma,3,260,86.66666666666667,86.66666666666667
Alpena,1,200,200.0,200.0
Alpine,1,30,30.0,30.0
Alt De Santa,1,200,200.0,200.0
Alton,2,400,200.0,200.0
Altoona,2,400,200.0,200.0
Alturas,1,30,30.0,30.0
Altus,1,200,200.0,200.0
Alva,1,200,200.0,200.0
Amarillo,3,600,200.0,200.0
American Falls,1,30,30.0,30.0
American Fork,1,200,200.0,200.0
Americus,1,200,200.0,200.0
Amery,1,30,30.0,30.0
Ames,1,200,200.0,200.0
Amite,1,30,30.0,30.0
Amory,1,200,200.0,200.0
Amsterdam,1,200,200.0,200.0
Anaconda,1,30,30.0,30.0
Anacortes,1,200,200.0,200.0
Anadarko,1,30,30.0,30.0
Anaheim,4,800,200.0,200.0
Anahuac,1,30,30.0,30.0
Anamosa,1,30,30.0,30.0
Anchorage,3,600,200.0,200.0
Andalusia,1,200,200.0,200.0
Anderson,3,600,200.0,200.0
Andover,1,200,200.0,200.0
Andrews,1,200,200.0,200.0
Angola,1,30,30.0,30.0
Ann Arbor,2,400,200.0,200.0
Anna,1,30,30.0,30.0
Annapolis,1,200,200.0,200.0
Anniston,2,400,200.0,200.0
Anson,1,200,200.0,200.0
Anthony,1,30,30.0,30.0
Antigo,1,30,30.0,30.0
Antioch,2,400,200.0,200.0
Antlers,1,200,200.0,200.0
Apache Junction,1,200,200.0,200.0
Apalachicola,1,30,30.0,30.0
Apple Valley,1,200,200.0,200.0
Appleton,3,430,143.33333333333334,143.33333333333334
Appleton City,1,30,30.0,30.0
Aransas Pass,1,200,200.0,200.0
Arcadia,3,430,143.33333333333334,143.33333333333334
Arcata,1,200,200.0,200.0
Arco,1,30,30.0,30.0
Ardmore,1,200,200.0,200.0
Arecibo,2,400,200.0,200.0
Arkadelphia,1,30,30.0,30.0
Arkansas City,1,200,200.0,200.0
Arlington,9,1630,181.11111111111111,181.11111111111111
Arlington Heights,1,200,200.0,200.0
Armour,1,30,30.0,30.0
Arroyo,1,200,200.0,200.0
Artesia,1,200,200.0,200.0
Ashdown,1,30,30.0,30.0
Asheboro,1,200,200.0,200.0
Asheville,1,200,200.0,200.0
Ashland,7,1060,151.42857142857142,151.42857142857142
Ashland City,1,30,30.0,30.0
Ashley,1,30,30.0,30.0
Ashtabula,1,200,200.0,200.0
Aspen,1,30,30.0,30.0
Aspermont,1,30,30.0,30.0
Astoria,1,30,30.0,30.0
Atchison,1,30,30.0,30.0
Athens,7,1400,200.0,200.0
Athol,1,30,30.0,30.0
Atkinson,1,30,30.0,30.0
Atlanta,9,1600,177.77777777777777,177.77777777777777
Atlantic,1,30,30.0,30.0
Atlantic City,1,200,200.0,200.0
Atlantis,1,200,200.0,200.0
Atmore,1,200,200.0,200.0
Atoka,1,30,30.0,30.0
Attleboro,1,200,200.0,200.0
Atwood,1,30,30.0,30.0
Aubrey,1,200,200.0,200.0
Auburn,5,830,166.0,166.0
Audubon,1,30,30.0,30.0
Augusta,5,1000,200.0,200.0
Aurora,8,990,123.75,123.75
Austell,1,200,200.0,200.0
Austin,11,2100,190.9090909090909,190.9090909090909
Avalon,1,30,30.0,30.0
Aventura,1,200,200.0,200.0
Avon,1,200,200.0,200.0
Ayer,1,200,200.0,200.0
Azle,1,200,200.0,200.0
Bad Axe,1,200,200.0,200.0
Bagley,1,30,30.0,30.0
Bainbridge,1,200,200.0,200.0
Baker,1,30,30.0,30.0
Baker City,1,30,30.0,30.0
Bakersfield,6,1200,200.0,200.0
Baldwin,1,30,30.0,30.0
Baldwin Park,1,200,200.0,200.0
Ballinger,1,30,30.0,30.0
Baltimore,17,3200,188.23529411764707,188.23529411764707
Bandon,1,30,30.0,30.0
Bangor,2,400,200.0,200.0
Banning,1,200,200.0,200.0
Bar Harbor,1,30,30.0,30.0
Baraboo,1,200,200.0,200.0
Barbourville,1,30,30.0,30.0
Bardstown,1,200,200.0,200.0
Barnesville,1,30,30.0,30.0
Barre,1,200,200.0,200.0
Barrington,1,200,200.0,200.0
Barron,1,30,30.0,30.0
Barrow,1,30,30.0,30.0
Barstow,1,200,200.0,200.0
Bartlesville,1,200,200.0,200.0
Bartlett,1,200,200.0,200.0
Bartow,1,200,200.0,200.0
Basin,1,30,30.0,30.0
Bassett,1,30,30.0,30.0
Bastrop,1,200,200.0,200.0
Batavia,2,400,200.0,200.0
Batesville,3,430,143.33333333333334,143.33333333333334
Bath,1,200,200.0,200.0
Baton Rouge,6,1200,200.0,200.0
Batte Mtn,1,30,30.0,30.0
Battle Creek,1,200,200.0,200.0
Baudette,1,30,30.0,30.0
Baxley,1,200,200.0,200.0
Bay City,2,400,200.0,200.0
Bay Minette,1,200,200.0,200.0
Bay Saint Louis,1,200,200.0,200.0
Bay Shore,1,200,200.0,200.0
Bay Springs,1,200,200.0,200.0
Bayamon,4,800,200.0,200.0
Bayonne,1,200,200.0,200.0
Baytown,2,400,200.0,200.0
Bda Nueva,1,200,200.0,200.0
Beachwood,1,200,200.0,200.0
Beatrice,1,30,30.0,30.0
Beaufort,1,200,200.0,200.0
Beaumont,2,400,200.0,200.0
Beaver,3,260,86.66666666666667,86.66666666666667
Beaver Creek,1,200,200.0,200.0
Beaver Dam,1,200,200.0,200.0
Beckley,2,400,200.0,200.0
Bedford,4,460,115.0,115.0
Beeville,1,200,200.0,200.0
Bel Air,1,200,200.0,200.0
Belcourt,1,200,200.0,200.0
Belfast,1,30,30.0,30.0
Bellaire,1,200,200.0,200.0
Belle Glade,1,200,200.0,200.0
Bellefontaine,1,200,200.0,200.0
Belleville,4,630,157.5,157.5
Bellevue,3,600,200.0,200.0
Bellingham,1,200,200.0,200.0
Bellville,1,200,200.0,200.0
Belmond,1,30,30.0,30.0
Beloit,2,230,115.0,115.0
Belton,1,200,200.0,200.0
Bemidji,1,200,200.0,200.0
Bend,1,200,200.0,200.0
Benkelman,1,30,30.0,30.0
Bennington,1,200,200.0,200.0
Bensalem,1,200,200.0,200.0
Benson,2,60,30.0,30.0
Benton,3,260,86.66666666666667,86.66666666666667
Berea,1,30,30.0,30.0
Berkeley,1,200,200.0,200.0
Berkeley Springs,1,30,30.0,30.0
Berlin,4,460,115.0,115.0
Bernice,1,30,30.0,30.0
Berryville,1,30,30.0,30.0
Berwick,1,200,200.0,200.0
Berwyn,1,200,200.0,200.0
Bessemer,1,200,200.0,200.0
Bethany,1,30,30.0,30.0
Bethel,1,200,200.0,200.0
Bethesda,1,200,200.0,200.0
Bethlehem,3,600,200.0,200.0
Bethpage,1,200,200.0,200.0
Bettendorf,1,200,200.0,200.0
Beverly,1,200,200.0,200.0
Biddeford,1,200,200.0,200.0
Big Bear Lake,1,30,30.0,30.0
Big Lake,1,30,30.0,30.0
Big Rapids,1,200,200.0,200.0
Big Sandy,1,30,30.0,30.0
Big Sky,1,200,200.0,200.0
Big Spring,1,200,200.0,200.0
Big Stone Gap,1,200,200.0,200.0
Big Timber,1,30,30.0,30.0
Bigfork,1,30,30.0,30.0
Billings,2,400,200.0,200.0
Biloxi,1,200,200.0,200.0
Binghamton,2,400,200.0,200.0
Birmingham,8,1500,187.5,187.5
Bisbee,1,30,30.0,30.0
Bishop,1,30,30.0,30.0
Bismarck,2,400,200.0,200.0
Black River Falls,1,30,30.0,30.0
Blackfoot,2,230,115.0,115.0
Blacksburg,1,200,200.0,200.0
Blackwell,1,200,200.0,200.0
Blair,1,30,30.0,30.0
Blairsville,1,200,200.0,200.0
Blakely,1,30,30.0,30.0
Blanding,1,30,30.0,30.0
Bloomer,1,30,30.0,30.0
Bloomfield,1,30,30.0,30.0
Bloomington,3,600,200.0,200.0
Bloomsburg,1,200,200.0,200.0
Blountstown,1,30,30.0,30.0
Blue Earth,1,30,30.0,30.0
Blue Hill,1,30,30.0,30.0
Blue Island,1,200,200.0,200.0
Blue Ridge,1,200,200.0,200.0
Blue Springs,1,200,200.0,200.0
Bluefield,1,200,200.0,200.0
Bluffton,2,230,115.0,115.0
Blythe,1,200,200.0,200.0
Blytheville,1,200,200.0,200.0
Boardman,1,200,200.0,200.0
Boaz,1,200,200.0,200.0
Boca Raton,2,400,200.0,200.0
Bogalusa,1,200,200.0,200.0
Boise,3,600,200.0,200.0
Boise City,1,30,30.0,30.0
Bolingbrook,1,200,200.0,200.0
Bolivar,2,400,200.0,200.0
Bonham,1,30,30.0,30.0
Bonifay,1,30,30.0,30.0
Bonne Terre,1,30,30.0,30.0
Bonners Ferry,1,30,30.0,30.0
Boone,2,230,115.0,115.0
Booneville,2,230,115.0,115.0
Boonville,2,230,115.0,115.0
Borger,1,30,30.0,30.0
Boscobel,1,30,30.0,30.0
Bossier City,1,200,200.0,200.0
Boston,11,2000,181.8181818181818,181.8181818181818
Bottineau,1,30,30.0,30.0
Boulder,1,200,200.0,200.0
Boulder City,1,30,30.0,30.0
Bountiful,1,200,200.0,200.0
Bowdle,1,30,30.0,30.0
Bowling Green,3,600,200.0,200.0
Bowman,1,30,30.0,30.0
Boynton Beach,1,200,200.0,200.0
Bozeman,1,200,200.0,200.0
Bradenton,3,600,200.0,200.0
Bradford,1,200,200.0,200.0
Brady,1,30,30.0,30.0
Brainerd,1,200,200.0,200.0
Brandon,2,400,200.0,200.0
Branford,1,200,200.0,200.0
Branson,1,200,200.0,200.0
Brattleboro,1,200,200.0,200.0
Brawley,1,200,200.0,200.0
Brazil,1,30,30.0,30.0
Breaux Bridge,1,30,30.0,30.0
Breckenridge,2,230,115.0,115.0
Breese,1,200,200.0,200.0
Bremen,2,60,30.0,30.0
Bremerton,1,200,200.0,200.0
Brenham,1,200,200.0,200.0
Brevard,1,30,30.0,30.0
Brewster,1,30,30.0,30.0
Brewton,1,200,200.0,200.0
Brick,1,200,200.0,200.0
Bridgeport,4,630,157.5,157.5
Bridgeton,1,200,200.0,200.0
Bridgton,1,30,30.0,30.0
Brigham City,1,200,200.0,200.0
Brighton,4,700,175.0,175.0
Bristol,3,600,200.0,200.0
Bristow,1,200,200.0,200.0
Britt,1,30,30.0,30.0
Britton,1,30,30.0,30.0
Brockton,2,400,200.0,200.0
Broken Arrow,1,200,200.0,200.0
Broken Bow,1,30,30.0,30.0
Bronx,6,1200,200.0,200.0
Bronxville,1,200,200.0,200.0
Brookfield,1,30,30.0,30.0
Brookhaven,1,200,200.0,200.0
Brookings,1,200,200.0,200.0
Brooklyn,12,2400,200.0,200.0
Brooksville,2,400,200.0,200.0
Brookville,1,30,30.0,30.0
Brownfield,1,200,200.0,200.0
Browning,1,200,200.0,200.0
Browns Mills,1,200,200.0,200.0
Brownsville,2,400,200.0,200.0
Brownwood,1,200,200.0,200.0
Brunswick,2,400,200.0,200.0
Brush,1,30,30.0,30.0
Bryan,3,600,200.0,200.0
Bryn Mawr,1,200,200.0,200.0
Bryson City,1,30,30.0,30.0
Buckeye,1,30,30.0,30.0
Buckhannon,1,30,30.0,30.0
Bucyrus,1,30,30.0,30.0
Buffalo,7,1060,151.42857142857142,151.42857142857142
Bullhead City,1,200,200.0,200.0
Bunkie,1,30,30.0,30.0
Burbank,1,200,200.0,200.0
Burgaw,1,30,30.0,30.0
Burien,1,200,200.0,200.0
Burke,1,30,30.0,30.0
Burkesville,1,30,30.0,30.0
Burleson,2,400,200.0,200.0
Burley,1,30,30.0,30.0
Burlingame,1,200,200.0,200.0
Burlington,6,1030,171.66666666666666,171.66666666666666
Burnet,1,30,30.0,30.0
Burns,1,30,30.0,30.0
Burnsville,1,200,200.0,200.0
Butler,3,430,143.33333333333334,143.33333333333334
Butte,1,200,200.0,200.0
Byron,1,30,30.0,30.0
Cadillac,1,200,200.0,200.0
Cadiz,2,60,30.0,30.0
Caguas,2,400,200.0,200.0
Cairo,1,200,200.0,200.0
Calais,1,30,30.0,30.0
Caldwell,3,260,86.66666666666667,86.66666666666667
Calhoun,1,200,200.0,200.0
Calhoun City,1,30,30.0,30.0
Calico Rock,1,30,30.0,30.0
Caliente,1,30,30.0,30.0
Callaway,1,30,30.0,30.0
Callicoon,1,30,30.0,30.0
Camarillo,1,200,200.0,200.0
Cambridge,5,830,166.0,166.0
Camden,6,1030,171.66666666666666,171.66666666666666
Cameron,3,600,200.0,200.0
Camilla,1,30,30.0,30.0
Camp Hill,1,200,200.0,200.0
Campbellsville,1,200,200.0,200.0
Canadian,1,200,200.0,200.0
Canal Winchester,1,200,200.0,200.0
Canandaigua,1,200,200.0,200.0
Canby,1,30,30.0,30.0
Cando,1,30,30.0,30.0
Cannon Falls,1,30,30.0,30.0
Canon City,1,200,200.0,200.0
Canonsburg,1,200,200.0,200.0
Canton,6,1030,171.66666666666666,171.66666666666666
Cape Coral,1,200,200.0,200.0
Cape Girardeau,2,400,200.0,200.0
Cape May Court House,1,200,200.0,200.0
Carbondale,1,200,200.0,200.0
Caribou,1,200,200.0,200.0
Carlinville,1,30,30.0,30.0
Carlisle,1,200,200.0,200.0
Carlsbad,1,200,200.0,200.0
Carmel,4,800,200.0,200.0
Carmichael,1,200,200.0,200.0
Carnegie,1,30,30.0,30.0
Caro,1,30,30.0,30.0
Carolina,1,200,200.0,200.0
Carrington,1,30,30.0,30.0
Carrizo Springs,1,200,200.0,200.0
Carroll,1,200,200.0,200.0
Carrollton,6,690,115.0,115.0
Carson City,2,400,200.0,200.0
Cartersville,1,200,200.0,200.0
Carthage,6,350,58.333333333333336,58.333333333333336
Cary,1,200,200.0,200.0
Casa Grande,1,200,200.0,200.0
Cascade,1,30,30.0,30.0
Casper,3,600,200.0,200.0
Cass City,1,30,30.0,30.0
Cass Lake,1,30,30.0,30.0
Cassville,1,30,30.0,30.0
Castaner,1,200,200.0,200.0
Castle Rock,1,200,200.0,200.0
Castro Valley,1,200,200.0,200.0
Cavalier,1,30,30.0,30.0
Cayey,1,200,200.0,200.0
Cedar City,1,200,200.0,200.0
Cedar Falls,1,200,200.0,200.0
Cedar Park,2,400,200.0,200.0
Cedar Rapids,2,400,200.0,200.0
Cedartown,1,30,30.0,30.0
Cedarville,1,30,30.0,30.0
Celina,1,30,30.0,30.0
Centerville,2,60,30.0,30.0
Central City,1,30,30.0,30.0
Centralia,2,400,200.0,200.0
Centre,1,200,200.0,200.0
Centreville,3,430,143.33333333333334,143.33333333333334
Chadron,1,30,30.0,30.0
Chalmette,1,200,200.0,200.0
Chamberlain,1,30,30.0,30.0
Chambersburg,1,200,200.0,200.0
Chandler,2,400,200.0,200.0
Chanute,1,30,30.0,30.0
Chapel Hill,1,200,200.0,200.0
Chardon,1,200,200.0,200.0
Chariton,1,30,30.0,30.0
Charles City,1,30,30.0,30.0
Charleston,8,1430,178.75,178.75
Charlevoix,1,30,30.0,30.0
Charlotte,6,1030,171.66666666666666,171.66666666666666
Charlottesville,2,400,200.0,200.0
Chatom,1,30,30.0,30.0
Chatsworth,1,200,200.0,200.0
Chattahoochee,1,200,200.0,200.0
Chattanooga,3,600,200.0,200.0
Chelan,1,30,30.0,30.0
Chelsea,1,200,200.0,200.0
Cheraw,1,200,200.0,200.0
Cherokee,2,230,115.0,115.0
Chesapeake,1,200,200.0,200.0
Chester,4,290,72.5,72.5
Chesterfield,1,200,200.0,200.0
Chestertown,1,200,200.0,200.0
Cheverly,1,200,200.0,200.0
Chewelah,1,30,30.0,30.0
Cheyenne,2,230,115.0,115.0
Cheyenne Wells,1,200,200.0,200.0
Chicago,29,5500,189.6551724137931,189.6551724137931
Chickasha,1,200,200.0,200.0
Chico,1,200,200.0,200.0
Childress,1,200,200.0,200.0
Chillicothe,3,260,86.66666666666667,86.66666666666667
Chilton,1,30,30.0,30.0
Chinle,1,200,200.0,200.0
Chino,1,200,200.0,200.0
Chipley,1,30,30.0,30.0
Chippewa Falls,1,200,200.0,200.0
Choteau,1,30,30.0,30.0
Christiansburg,1,200,200.0,200.0
Chula Vista,1,200,200.0,200.0
Church Point,1,30,30.0,30.0
Cincinnati,10,1800,180.0,180.0
Circle,1,30,30.0,30.0
Circleville,1,200,200.0,200.0
Clackamas,1,200,200.0,200.0
Clare,1,200,200.0,200.0
Claremont,1,30,30.0,30.0
Claremore,2,400,200.0,200.0
Clarinda,1,30,30.0,30.0
Clarion,2,230,115.0,115.0
Clarksdale,1,200,200.0,200.0
Clarkston,1,30,30.0,30.0
Clarksville,3,600,200.0,200.0
Claxton,1,200,200.0,200.0
Clay Center,1,30,30.0,30.0
Clayton,2,60,30.0,30.0
Clear Lake,1,30,30.0,30.0
Clearfield,1,200,200.0,200.0
Clearlake,1,30,30.0,30.0
Clearwater,1,200,200.0,200.0
Cleburne,1,200,200.0,200.0
Clermont,1,200,200.0,200.0
Cleveland,12,2030,169.16666666666666,169.16666666666666
Clewiston,1,30,30.0,30.0
Clifton,1,30,30.0,30.0
Clifton Springs,1,200,200.0,200.0
Clinton,10,1490,149.0,149.0
Clinton Township,1,200,200.0,200.0
Clintwood,1,30,30.0,30.0
Cloquet,1,30,30.0,30.0
Clovis,2,400,200.0,200.0
Clyde,1,200,200.0,200.0
Coaldale,1,200,200.0,200.0
Coalgate,1,30,30.0,30.0
Coalinga,1,200,200.0,200.0
Coatesville,1,200,200.0,200.0
Cobleskill,1,200,200.0,200.0
Cochran,1,30,30.0,30.0
Cocoa Beach,1,200,200.0,200.0
Cody,1,30,30.0,30.0
Coeur D'Alene,1,200,200.0,200.0
Coffeyville,1,200,200.0,200.0
Colby,1,30,30.0,30.0
Coldwater,3,430,143.33333333333334,143.33333333333334
Colebrook,1,30,30.0,30.0
Coleman,1,30,30.0,30.0
Colfax,1,30,30.0,30.0
College Station,2,400,200.0,200.0
Collins,1,30,30.0,30.0
Colorado City,1,30,30.0,30.0
Colorado Springs,2,400,200.0,200.0
Colquitt,1,30,30.0,30.0
Colton,1,200,200.0,200.0
Columbia,12,2400,200.0,200.0
Columbia City,1,200,200.0,200.0
Columbus,18,2820,156.66666666666666,156.66666666666666
Colville,1,30,30.0,30.0
Comanche,1,30,30.0,30.0
Commerce,1,200,200.0,200.0
Commerce Township,1,200,200.0,200.0
Concord,4,800,200.0,200.0
Concordia,1,30,30.0,30.0
Conneaut,1,30,30.0,30.0
Connellsville,1,200,200.0,200.0
Connersville,1,200,200.0,200.0
Conrad,1,30,30.0,30.0
Conroe,2,400,200.0,200.0
Conway,3,600,200.0,200.0
Conyers,1,200,200.0,200.0
Cook,1,30,30.0,30.0
Cookeville,1,200,200.0,200.0
Coon Rapids,1,200,200.0,200.0
Cooperstown,2,230,115.0,115.0
Coos Bay,1,200,200.0,200.0
Copperhill,1,30,30.0,30.0
Coquille,1,30,30.0,30.0
Coral Gables,2,400,200.0,200.0
Coral Springs,1,200,200.0,200.0
Corbin,1,200,200.0,200.0
Cordele,1,200,200.0,200.0
Cordell,1,30,30.0,30.0
Cordova,1,30,30.0,30.0
Corinth,1,200,200.0,200.0
Corning,2,230,115.0,115.0
Corona,1,200,200.0,200.0
Coronado,1,200,200.0,200.0
Corpus Christi,4,700,175.0,175.0
Corry,1,30,30.0,30.0
Corsicana,1,200,200.0,200.0
Cortez,1,30,30.0,30.0
Cortland,1,200,200.0,200.0
Cortlandt Manor,1,200,200.0,200.0
Corvallis,1,200,200.0,200.0
Corydon,2,60,30.0,30.0
Coshocton,1,200,200.0,200.0
Costa Mesa,2,400,200.0,200.0
Coto Laurel,1,200,200.0,200.0
Cottage Grove,1,30,30.0,30.0
Cottonwood,2,230,115.0,115.0
Coudersport,1,30,30.0,30.0
Council Bluffs,2,400,200.0,200.0
Council Grove,1,30,30.0,30.0
Coupeville,1,30,30.0,30.0
Coushatta,1,30,30.0,30.0
Covina,1,200,200.0,200.0
Covington,5,1000,200.0,200.0
Cozad,1,30,30.0,30.0
Craig,1,30,30.0,30.0
Crane,1,30,30.0,30.0
Crawfordsville,1,200,200.0,200.0
Creighton,1,30,30.0,30.0
Crescent City,1,200,200.0,200.0
Cresco,1,30,30.0,30.0
Creston,1,30,30.0,30.0
Crestview,1,200,200.0,200.0
Crete,1,30,30.0,30.0
Creve Coeur,1,200,200.0,200.0
Crisfield,1,200,200.0,200.0
Crockett,1,200,200.0,200.0
Crookston,1,30,30.0,30.0
Crosby,2,60,30.0,30.0
Crosbyton,1,30,30.0,30.0
Crossett,1,30,30.0,30.0
Crossville,1,200,200.0,200.0
Crow Agency,1,30,30.0,30.0
Crowley,1,200,200.0,200.0
Crown Point,2,400,200.0,200.0
Crownpoint,1,200,200.0,200.0
Crystal City,1,200,200.0,200.0
Crystal River,1,200,200.0,200.0
Cuba,1,30,30.0,30.0
Cuero,1,200,200.0,200.0
Culbertson,1,30,30.0,30.0
Cullman,1,200,200.0,200.0
Culpeper,1,200,200.0,200.0
Cumberland,2,230,115.0,115.0
Cumming,1,200,200.0,200.0
Cushing,1,200,200.0,200.0
Custer,1,30,30.0,30.0
Cut Bank,1,30,30.0,30.0
Cut Off,1,30,30.0,30.0
Cuthbert,1,30,30.0,30.0
Cuyahoga Falls,2,400,200.0,200.0
Cynthiana,1,200,200.0,200.0
Cypress,1,200,200.0,200.0
Dade City,1,200,200.0,200.0
Dadeville,1,200,200.0,200.0
Dahlonega,1,200,200.0,200.0
Dakota Dunes,1,200,200.0,200.0
Dalhart,1,30,30.0,30.0
Dallas,19,3430,180.52631578947367,180.52631578947367
Dalton,1,200,200.0,200.0
Daly City,1,200,200.0,200.0
Damariscotta,1,30,30.0,30.0
Danbury,2,230,115.0,115.0
Dansville,1,200,200.0,200.0
Danville,6,1200,200.0,200.0
Darby,1,200,200.0,200.0
Dardanelle,1,30,30.0,30.0
Darlington,2,230,115.0,115.0
Davenport,3,430,143.33333333333334,143.33333333333334
David City,1,30,30.0,30.0
Davis,1,200,200.0,200.0
Dawson,1,30,30.0,30.0
Dayton,7,960,137.14285714285714,137.14285714285714
Daytona Beach,2,400,200.0,200.0
De Kalb,1,30,30.0,30.0
De Queen,1,30,30.0,30.0
De Smet,1,30,30.0,30.0
De Witt,1,30,30.0,30.0
Deadwood,1,30,30.0,30.0
Dearborn,1,200,200.0,200.0
Decatur,6,1030,171.66666666666666,171.66666666666666
Deckerville,1,30,30.0,30.0
Decorah,1,30,30.0,30.0
Dededo,1,200,200.0,200.0
Deer Lodge,1,30,30.0,30.0
Deer River,1,30,30.0,30.0
Defiance,2,230,115.0,115.0
Defuniak Springs,1,200,200.0,200.0
Dekalb,1,200,200.0,200.0
Del Norte,1,30,30.0,30.0
Del Rio,1,200,200.0,200.0
Deland,1,200,200.0,200.0
Delano,1,200,200.0,200.0
Delaware,1,200,200.0,200.0
Delhi,2,60,30.0,30.0
Dell Rapids,1,30,30.0,30.0
Delray Beach,1,200,200.0,200.0
Delta,2,230,115.0,115.0
Deming,1,30,30.0,30.0
Demopolis,1,200,200.0,200.0
Demorest,1,200,200.0,200.0
Denison,2,230,115.0,115.0
Dennison,1,30,30.0,30.0
Denton,4,800,200.0,200.0
Denver,6,1200,200.0,200.0
Denver City,1,30,30.0,30.0
Denville,1,200,200.0,200.0
Dequincy,1,30,30.0,30.0
Derby,1,200,200.0,200.0
Deridder,1,200,200.0,200.0
Derry,1,200,200.0,200.0
Des Moines,4,800,200.0,200.0
Detroit,7,1300,185.71428571428572,185.71428571428572
Detroit Lakes,1,200,200.0,200.0
Devils Lake,1,30,30.0,30.0
Dewitt,1,30,30.0,30.0
Dexter,1,200,200.0,200.0
Dickinson,1,30,30.0,30.0
Dickson,1,200,200.0,200.0
Dighton,1,30,30.0,30.0
Dilley,1,200,200.0,200.0
Dillingham,1,30,30.0,30.0
Dillon,2,230,115.0,115.0
Dimmitt,1,30,30.0,30.0
Dixon,1,200,200.0,200.0
Dodge City,1,200,200.0,200.0
Dodgeville,1,30,30.0,30.0
Donaldsonville,1,30,30.0,30.0
Donalsonville,1,200,200.0,200.0
Doniphan,1,200,200.0,200.0
Dothan,2,400,200.0,200.0
Douglas,2,230,115.0,115.0
Douglasville,1,200,200.0,200.0
Dover,3,600,200.0,200.0
Dover Foxcroft,1,30,30.0,30.0
Dowagiac,1,30,30.0,30.0
Downers Grove,1,200,200.0,200.0
Downey,3,600,200.0,200.0
Doylestown,1,200,200.0,200.0
Draper,1,200,200.0,200.0
Drexel Hill,1,200,200.0,200.0
Driggs,1,30,30.0,30.0
Drumright,1,30,30.0,30.0
Du Quoin,1,30,30.0,30.0
Dublin,2,400,200.0,200.0
Dubois,1,200,200.0,200.0
Dubuque,2,400,200.0,200.0
Dulles,1,200,200.0,200.0
Duluth,3,600,200.0,200.0
Dumas,2,60,30.0,30.0
Duncan,1,200,200.0,200.0
Dunedin,1,200,200.0,200.0
Dunkirk,1,200,200.0,200.0
Dunn,1,200,200.0,200.0
Durand,1,30,30.0,30.0
Durango,2,400,200.0,200.0
Durant,1,200,200.0,200.0
Durham,3,600,200.0,200.0
Dyer,1,200,200.0,200.0
Dyersburg,1,200,200.0,200.0
Dyersville,1,30,30.0,30.0
Eads,1,30,30.0,30.0
Eagle Butte,1,200,200.0,200.0
Eagle Lake,1,30,30.0,30.0
Eagle Pass,1,200,200.0,200.0
Eagle River,1,30,30.0,30.0
Eagleville,1,200,200.0,200.0
Easley,1,200,200.0,200.0
East Chicago,1,200,200.0,200.0
East China,1,200,200.0,200.0
East Liverpool,1,200,200.0,200.0
East Meadow,1,200,200.0,200.0
East Norriton,1,200,200.0,200.0
East Orange,1,200,200.0,200.0
East Stroudsburg,1,200,200.0,200.0
Eastland,1,200,200.0,200.0
Eastman,1,200,200.0,200.0
Easton,3,600,200.0,200.0
Eaton Rapids,1,30,30.0,30.0
Eatonton,1,30,30.0,30.0
Eau Claire,2,400,200.0,200.0
Eden,2,230,115.0,115.0
Edenton,1,30,30.0,30.0
Edgefield,1,30,30.0,30.0
Edgerton,1,30,30.0,30.0
Edgewood,1,200,200.0,200.0
Edina,1,200,200.0,200.0
Edinburg,3,600,200.0,200.0
Edison,1,200,200.0,200.0
Edmond,2,400,200.0,200.0
Edmonds,1,200,200.0,200.0
Edna,1,30,30.0,30.0
Effingham,1,200,200.0,200.0
Ekalaka,1,30,30.0,30.0
El Campo,1,200,200.0,200.0
El Centro,1,200,200.0,200.0
El Dorado,2,400,200.0,200.0
El Dorado Springs,1,30,30.0,30.0
El Paso,8,1500,187.5,187.5
El Reno,1,200,200.0,200.0
Elberton,1,200,200.0,200.0
Elbow Lake,1,30,30.0,30.0
Eldorado,2,60,30.0,30.0
Eldridge,1,200,200.0,200.0
Electra,1,30,30.0,30.0
Elgin,3,430,143.33333333333334,143.33333333333334
Elizabeth,1,200,200.0,200.0
Elizabeth City,1,200,200.0,200.0
Elizabethton,1,200,200.0,200.0
Elizabethtown,3,260,86.66666666666667,86.66666666666667
Elk City,1,200,200.0,200.0
Elk Grove Village,1,200,200.0,200.0
Elkader,1,30,30.0,30.0
Elkhart,2,400,200.0,200.0
Elkhorn,1,200,200.0,200.0
Elkin,1,200,200.0,200.0
Elkins,1,200,200.0,200.0
Elko,1,200,200.0,200.0
Elkton,1,200,200.0,200.0
Ellensburg,1,30,30.0,30.0
Ellenville,1,30,30.0,30.0
Ellinwood,1,30,30.0,30.0
Ellsworth,2,230,115.0,115.0
Ellwood City,1,200,200.0,200.0
Elma,1,30,30.0,30.0
Elmer,1,200,200.0,200.0
Elmhurst,2,400,200.0,200.0
Elmira,2,400,200.0,200.0
Elwood,1,30,30.0,30.0
Ely,2,60,30.0,30.0
Elyria,1,200,200.0,200.0
Emmetsburg,1,30,30.0,30.0
Emmett,1,30,30.0,30.0
Emporia,2,230,115.0,115.0
Encinitas,1,200,200.0,200.0
Encino,1,200,200.0,200.0
Englewood,3,600,200.0,200.0
Enid,2,400,200.0,200.0
Ennis,2,230,115.0,115.0
Enterprise,2,230,115.0,115.0
Enumclaw,1,30,30.0,30.0
Ephrata,2,230,115.0,115.0
Erie,3,600,200.0,200.0
Erin,1,200,200.0,200.0
Erwin,1,200,200.0,200.0
Escanaba,1,30,30.0,30.0
Escondido,1,200,200.0,200.0
Espanola,1,200,200.0,200.0
Estes Park,1,30,30.0,30.0
Estherville,1,30,30.0,30.0
Euclid,1,200,200.0,200.0
Eufaula,1,200,200.0,200.0
Eugene,1,200,200.0,200.0
Eupora,1,200,200.0,200.0
Eureka,4,290,72.5,72.5
Eureka Springs,1,30,30.0,30.0
Eutaw,1,200,200.0,200.0
Evanston,3,600,200.0,200.0
Evansville,2,400,200.0,200.0
Everett,2,400,200.0,200.0
Evergreen,1,200,200.0,200.0
Evergreen Park,1,200,200.0,200.0
Excelsior Springs,1,30,30.0,30.0
Exeter,1,200,200.0,200.0
Fairbanks,1,200,200.0,200.0
Fairbury,1,30,30.0,30.0
Fairfax,4,290,72.5,72.5
Fairfield,5,660,132.0,132.0
Fairhope,1,200,200.0,200.0
Fairmont,2,400,200.0,200.0
Fairview,1,30,30.0,30.0
Fajardo,2,400,200.0,200.0
Fall River,2,400,200.0,200.0
Fall River Mills,1,30,30.0,30.0
Fallon,1,30,30.0,30.0
Falls Church,1,200,200.0,200.0
Falls City,1,30,30.0,30.0
Falmouth,1,200,200.0,200.0
Far Rockaway,1,200,200.0,200.0
Fargo,2,400,200.0,200.0
Faribault,1,200,200.0,200.0
Farmerville,1,30,30.0,30.0
Farmington,4,800,200.0,200.0
Farmington Hills,1,200,200.0,200.0
Farmville,1,200,200.0,200.0
Faulkton,1,30,30.0,30.0
Fayette,2,400,200.0,200.0
Fayetteville,5,1000,200.0,200.0
Federal Way,1,200,200.0,200.0
Fenton,1,200,200.0,200.0
Fergus Falls,1,200,200.0,200.0
Fernandez Juncos,2,400,200.0,200.0
Fernandina Beach,1,200,200.0,200.0
Ferriday,1,30,30.0,30.0
Fillmore,1,30,30.0,30.0
Findlay,1,200,200.0,200.0
Fishers,1,200,200.0,200.0
Fishersville,1,200,200.0,200.0
Fitzgerald,1,200,200.0,200.0
Flagstaff,1,200,200.0,200.0
Flandreau,1,30,30.0,30.0
Flemingsburg,1,200,200.0,200.0
Flemington,1,200,200.0,200.0
Flint,2,400,200.0,200.0
Flora,1,30,30.0,30.0
Florence,6,1030,171.66666666666666,171.66666666666666
Floresville,1,200,200.0,200.0
Flower Mound,1,200,200.0,200.0
Flowood,2,400,200.0,200.0
Flushing,2,400,200.0,200.0
Foley,1,200,200.0,200.0
Folsom,1,200,200.0,200.0
Fond Du Lac,1,200,200.0,200.0
Fontana,1,200,200.0,200.0
Fordyce,1,30,30.0,30.0
Forest,1,30,30.0,30.0
Forks,1,30,30.0,30.0
Forrest City,1,200,200.0,200.0
Forsyth,2,60,30.0,30.0
Fort Atkinson,1,200,200.0,200.0
Fort Benton,1,30,30.0,30.0
Fort Bragg,1,30,30.0,30.0
Fort Collins,2,400,200.0,200.0
Fort Defiance,1,200,200.0,200.0
Fort Dodge,1,200,200.0,200.0
Fort Kent,1,200,200.0,200.0
Fort Lauderdale,3,600,200.0,200.0
Fort Madison,1,200,200.0,200.0
Fort Mohave,1,200,200.0,200.0
Fort Morgan,1,200,200.0,200.0
Fort Myers,2,400,200.0,200.0
Fort Oglethorp,1,200,200.0,200.0
Fort Payne,1,200,200.0,200.0
Fort Pierce,1,200,200.0,200.0
Fort Scott,1,200,200.0,200.0
Fort Smith,2,400,200.0,200.0
Fort Stockton,1,200,200.0,200.0
Fort Thomas,1,200,200.0,200.0
Fort Walton Beach,1,200,200.0,200.0
Fort Washington,1,200,200.0,200.0
Fort Wayne,6,1200,200.0,200.0
Fort Worth,11,2100,190.9090909090909,190.9090909090909
Fort Yates,1,200,200.0,200.0
Fortuna,1,30,30.0,30.0
Fosston,1,30,30.0,30.0
Fostoria,1,30,30.0,30.0
Fountain Valley,2,400,200.0,200.0
Framingham,1,200,200.0,200.0
Frankfort,3,260,86.66666666666667,86.66666666666667
Franklin,11,1350,122.72727272727273,122.72727272727273
Franklinton,1,30,30.0,30.0
Frederick,1,200,200.0,200.0
Fredericksburg,3,600,200.0,200.0
Fredericktown,1,30,30.0,30.0
Fredonia,1,30,30.0,30.0
Freehold,1,200,200.0,200.0
Freeman,1,30,30.0,30.0
Freeport,1,200,200.0,200.0
Fremont,5,830,166.0,166.0
French Camp,1,200,200.0,200.0
Fresno,4,800,200.0,200.0
Friday Harbor,1,30,30.0,30.0
Fridley,1,200,200.0,200.0
Friend,1,30,30.0,30.0
Friendship,1,30,30.0,30.0
Friona,1,30,30.0,30.0
Frisco,3,600,200.0,200.0
Front Royal,1,200,200.0,200.0
Fruita,1,30,30.0,30.0
Fullerton,1,200,200.0,200.0
Fulton,1,200,200.0,200.0
Gadsden,2,400,200.0,200.0
Gaffney,1,200,200.0,200.0
Gainesville,4,800,200.0,200.0
Galax,1,200,200.0,200.0
Galena,2,230,115.0,115.0
Galesburg,2,400,200.0,200.0
Galion,1,30,30.0,30.0
Gallatin,1,200,200.0,200.0
Gallipolis,1,200,200.0,200.0
Gallup,2,400,200.0,200.0
Galveston,2,300,150.0,150.0
Ganado,1,30,30.0,30.0
Garapan,1,200,200.0,200.0
Garberville,1,30,30.0,30.0
Garden City,2,400,200.0,200.0
Garden Grove,1,200,200.0,200.0
Gardena,1,200,200.0,200.0
Gardner,1,200,200.0,200.0
Gardnerville,1,30,30.0,30.0
Garfield Heights,1,200,200.0,200.0
Garland,1,200,200.0,200.0
Garnett,1,30,30.0,30.0
Garrison,1,30,30.0,30.0
Gary,1,200,200.0,200.0
Gassaway,1,30,30.0,30.0
Gastonia,1,200,200.0,200.0
Gatesville,1,30,30.0,30.0
Gaylord,1,200,200.0,200.0
Geneseo,1,30,30.0,30.0
Geneva,5,660,132.0,132.0
Genoa,1,30,30.0,30.0
Georgetown,2,400,200.0,200.0
Georgiana,1,200,200.0,200.0
Germantown,1,200,200.0,200.0
Gettysburg,2,230,115.0,115.0
Gibson City,1,30,30.0,30.0
Gig Harbor,1,200,200.0,200.0
Gilbert,3,600,200.0,200.0
Gillette,1,200,200.0,200.0
Gilroy,1,200,200.0,200.0
Girard,1,30,30.0,30.0
Gladwin,1,30,30.0,30.0
Glasgow,2,230,115.0,115.0
Glen Burnie,1,200,200.0,200.0
Glen Cove,1,200,200.0,200.0
Glen Dale,1,200,200.0,200.0
Glen Rose,1,200,200.0,200.0
Glencoe,1,30,30.0,30.0
Glendale,6,1200,200.0,200.0
Glendale Heights,1,200,200.0,200.0
Glendive,1,30,30.0,30.0
Glendora,2,400,200.0,200.0
Glens Falls,1,200,200.0,200.0
Glenwood,1,30,30.0,30.0
Glenwood Springs,1,200,200.0,200.0
Globe,1,30,30.0,30.0
Gloucester,1,200,200.0,200.0
Gloversville,1,200,200.0,200.0
Gold Beach,1,30,30.0,30.0
Goldendale,1,30,30.0,30.0
Goldsboro,1,200,200.0,200.0
Gonzales,2,400,200.0,200.0
Gooding,1,30,30.0,30.0
Goodland,1,30,30.0,30.0
Goodyear,1,200,200.0,200.0
Gordon,1,30,30.0,30.0
Goshen,1,200,200.0,200.0
Gothenburg,1,30,30.0,30.0
Gouverneur,1,30,30.0,30.0
Graceville,2,60,30.0,30.0
Grafton,3,260,86.66666666666667,86.66666666666667
Graham,1,200,200.0,200.0
Granbury,1,200,200.0,200.0
Grand Blanc,1,200,200.0,200.0
Grand Coulee,1,30,30.0,30.0
Grand Forks,1,200,200.0,200.0
Grand Haven,1,200,200.0,200.0
Grand Island,1,200,200.0,200.0
Grand Junction,2,400,200.0,200.0
Grand Marais,1,30,30.0,30.0
Grand Prairie,1,200,200.0,200.0
Grand Rapids,3,600,200.0,200.0
Grand Saline,1,200,200.0,200.0
Grangeville,1,30,30.0,30.0
Granite City,1,200,200.0,200.0
Granite Falls,1,30,30.0,30.0
Grant,1,30,30.0,30.0
Grants,1,30,30.0,30.0
Grants Pass,1,200,200.0,200.0
Grantsburg,1,30,30.0,30.0
Grantsville,1,30,30.0,30.0
Grapevine,1,200,200.0,200.0
Grass Valley,1,200,200.0,200.0
Gravette,1,30,30.0,30.0
Grayling,1,200,200.0,200.0
Great Barrington,1,30,30.0,30.0
Great Bend,1,200,200.0,200.0
Great Falls,2,400,200.0,200.0
Greeley,1,200,200.0,200.0
Green Bay,4,800,200.0,200.0
Green Valley,1,200,200.0,200.0
Greenbrae,1,200,200.0,200.0
Greencastle,1,30,30.0,30.0
Greeneville,2,400,200.0,200.0
Greenfield,4,460,115.0,115.0
Greenport,1,200,200.0,200.0
Greensboro,3,430,143.33333333333334,143.33333333333334
Greensburg,5,320,64.0,64.0
Greenville,14,2530,180.71428571428572,180.71428571428572
Greenwich,1,200,200.0,200.0
Greenwood,2,400,200.0,200.0
Greer,2,400,200.0,200.0
Gregory,1,30,30.0,30.0
Grenada,1,200,200.0,200.0
Gresham,1,200,200.0,200.0
Gridley,1,30,30.0,30.0
Griffin,1,200,200.0,200.0
Grinnell,1,200,200.0,200.0
Groesbeck,1,30,30.0,30.0
Grosse Pointe,1,200,200.0,200.0
Grove,1,200,200.0,200.0
Grove City,1,200,200.0,200.0
Grove Hill,1,200,200.0,200.0
Grundy,1,200,200.0,200.0
Grundy Center,1,30,30.0,30.0
Guayama,2,400,200.0,200.0
Gulf Breeze,1,200,200.0,200.0
Gulfport,2,400,200.0,200.0
Gunnison,2,60,30.0,30.0
Guthrie,1,30,30.0,30.0
Guthrie Center,1,30,30.0,30.0
Guttenberg,1,30,30.0,30.0
Guymon,1,200,200.0,200.0
Hackensack,1,200,200.0,200.0
Hackettstown,1,200,200.0,200.0
Hagerstown,1,200,200.0,200.0
Haleyville,1,200,200.0,200.0
Hallettsville,1,30,30.0,30.0
Hallock,1,30,30.0,30.0
Hamburg,1,30,30.0,30.0
Hamilton,6,860,143.33333333333334,143.33333333333334
Hamlet,1,200,200.0,200.0
Hamlin,1,200,200.0,200.0
Hammond,3,600,200.0,200.0
Hampton,2,230,115.0,115.0
Hancock,1,200,200.0,200.0
Hanford,1,200,200.0,200.0
Hannibal,1,200,200.0,200.0
Hanover,2,230,115.0,115.0
Harbor Beach,1,30,30.0,30.0
Harbor City,1,200,200.0,200.0
Hardeeville,1,200,200.0,200.0
Hardin,1,30,30.0,30.0
Hardinsburg,1,30,30.0,30.0
Harker Heights,1,200,200.0,200.0
Harlan,2,230,115.0,115.0
Harlem,1,30,30.0,30.0
Harlingen,2,400,200.0,200.0
Harlowton,1,30,30.0,30.0
Harper,1,30,30.0,30.0
Harriman,1,200,200.0,200.0
Harris,1,200,200.0,200.0
Harrisburg,2,400,200.0,200.0
Harrison,1,200,200.0,200.0
Harrisonburg,1,200,200.0,200.0
Harrisonville,1,30,30.0,30.0
Harrodsburg,1,30,30.0,30.0
Hartford,5,730,146.0,146.0
Hartford City,1,30,30.0,30.0
Hartsville,2,230,115.0,115.0
Harvard,1,30,30.0,30.0
Harvey,2,230,115.0,115.0
Haskell,1,30,30.0,30.0
Hastings,4,800,200.0,200.0
Hato Rey,2,400,200.0,200.0
Hattiesburg,2,400,200.0,200.0
Havana,1,30,30.0,30.0
Havre,1,200,200.0,200.0
Havre De Grace,1,200,200.0,200.0
Hawaiian Gardens,1,200,200.0,200.0
Hawarden,1,30,30.0,30.0
Hawkinsville,1,200,200.0,200.0
Hawthorne,1,30,30.0,30.0
Haxtun,1,30,30.0,30.0
Haymarket,1,200,200.0,200.0
Hays,1,200,200.0,200.0
Hayti,1,200,200.0,200.0
Hayward,2,230,115.0,115.0
Hazard,1,200,200.0,200.0
Hazel Crest,1,200,200.0,200.0
Hazen,1,30,30.0,30.0
Hazlehurst,2,60,30.0,30.0
Hazleton,1,200,200.0,200.0
Healdsburg,1,30,30.0,30.0
Healdton,1,30,30.0,30.0
Heber City,1,30,30.0,30.0
Heber Springs,1,30,30.0,30.0
Hebron,1,30,30.0,30.0
Helena,2,400,200.0,200.0
Hemet,1,200,200.0,200.0
Hemphill,1,30,30.0,30.0
Henderson,7,1230,175.71428571428572,175.71428571428572
Hendersonville,3,600,200.0,200.0
Hendricks,1,30,30.0,30.0
Henrietta,1,30,30.0,30.0
Henryetta,1,200,200.0,200.0
Heppner,1,30,30.0,30.0
Hereford,1,200,200.0,200.0
Herington,1,30,30.0,30.0
Hermann,1,30,30.0,30.0
Hermiston,1,30,30.0,30.0
Hermitage,1,200,200.0,200.0
Herrin,1,200,200.0,200.0
Hershey,1,200,200.0,200.0
Hettinger,1,30,30.0,30.0
Hialeah,3,600,200.0,200.0
Hiawassee,1,30,30.0,30.0
Hiawatha,1,30,30.0,30.0
Hibbing,1,200,200.0,200.0
Hickory,2,400,200.0,200.0
Hicksville,1,30,30.0,30.0
High Point,1,200,200.0,200.0
Highland,1,30,30.0,30.0
Highlands,1,30,30.0,30.0
Hill City,1,30,30.0,30.0
Hillsboro,8,750,93.75,93.75
Hillsdale,1,200,200.0,200.0
Hilo,1,200,200.0,200.0
Hilton Head Island,1,200,200.0,200.0
Hinesville,1,30,30.0,30.0
Hinsdale,1,200,200.0,200.0
Hinton,1,30,30.0,30.0
Hiram,1,200,200.0,200.0
Hobart,2,400,200.0,200.0
Hobbs,1,200,200.0,200.0
Hoboken,1,200,200.0,200.0
Hoffman Estates,1,200,200.0,200.0
Hoisington,1,30,30.0,30.0
Holdenville,1,30,30.0,30.0
Holdrege,1,30,30.0,30.0
Holland,1,200,200.0,200.0
Hollis,1,30,30.0,30.0
Hollister,1,200,200.0,200.0
Holly Springs,1,200,200.0,200.0
Hollywood,2,400,200.0,200.0
Holmdel,1,200,200.0,200.0
Holton,1,30,30.0,30.0
Holyoke,2,230,115.0,115.0
Homer,2,230,115.0,115.0
Homerville,1,30,30.0,30.0
Homestead,1,200,200.0,200.0
Hondo,1,30,30.0,30.0
Honesdale,1,200,200.0,200.0
Honokaa,1,30,30.0,30.0
Honolulu,6,1000,166.66666666666666,166.66666666666666
Hood River,1,30,30.0,30.0
Hoopeston,1,30,30.0,30.0
Hope,1,200,200.0,200.0
Hopedale,1,30,30.0,30.0
Hopewell,1,200,200.0,200.0
Hopkinsville,1,200,200.0,200.0
Hornell,1,200,200.0,200.0
Horse Cave,1,30,30.0,30.0
Horton,1,30,30.0,30.0
Hot Springs,5,660,132.0,132.0
Houlton,1,30,30.0,30.0
Houma,3,600,200.0,200.0
Houston,28,5300,189.28571428571428,189.28571428571428
Howell,1,200,200.0,200.0
Hoxie,1,30,30.0,30.0
Hudson,3,430,143.33333333333334,143.33333333333334
Hugo,2,230,115.0,115.0
Hugoton,1,30,30.0,30.0
Humacao,3,600,200.0,200.0
Humble,1,200,200.0,200.0
Humboldt,1,30,30.0,30.0
Huntersville,1,200,200.0,200.0
Huntingdon,2,400,200.0,200.0
Huntington,4,800,200.0,200.0
Huntington Beach,1,200,200.0,200.0
Huntington Park,1,200,200.0,200.0
Huntsville,3,600,200.0,200.0
Huron,1,30,30.0,30.0
Hurst,1,200,200.0,200.0
Hutchinson,3,600,200.0,200.0
Hyannis,1,200,200.0,200.0
Hyden,1,30,30.0,30.0
Ida Grove,1,30,30.0,30.0
Idabel,1,200,200.0,200.0
Idaho Falls,2,400,200.0,200.0
Ilwaco,1,30,30.0,30.0
Imperial,1,30,30.0,30.0
Incline Village,1,30,30.0,30.0
Independence,3,260,86.66666666666667,86.66666666666667
Indiana,1,200,200.0,200.0
Indianapolis,10,2000,200.0,200.0
Indianola,1,200,200.0,200.0
Indio,1,200,200.0,200.0
Inglewood,1,200,200.0,200.0
International Falls,1,30,30.0,30.0
Inverness,1,200,200.0,200.0
Iola,1,30,30.0,30.0
Ionia,1,30,30.0,30.0
Iowa City,2,400,200.0,200.0
Iowa Falls,1,30,30.0,30.0
Iraan,1,30,30.0,30.0
Iron Mountain,1,200,200.0,200.0
Iron River,1,30,30.0,30.0
Ironwood,1,30,30.0,30.0
Irvine,2,230,115.0,115.0
Irving,4,800,200.0,200.0
Ishpeming,1,30,30.0,30.0
Issaquah,1,200,200.0,200.0
Ithaca,1,200,200.0,200.0
Iuka,1,200,200.0,200.0
Jacksboro,1,200,200.0,200.0
Jackson,16,2690,168.125,168.125
Jacksonville,12,2230,185.83333333333334,185.83333333333334
Jacksonville Beach,1,200,200.0,200.0
Jamaica,2,400,200.0,200.0
Jamestown,3,430,143.33333333333334,143.33333333333334
Janesville,2,400,200.0,200.0
Jasper,4,800,200.0,200.0
Jay,1,200,200.0,200.0
Jefferson,2,60,30.0,30.0
Jefferson City,3,600,200.0,200.0
Jefferson Hills,1,200,200.0,200.0
Jeffersonville,1,200,200.0,200.0
Jellico,1,200,200.0,200.0
Jena,1,200,200.0,200.0
Jennings,1,200,200.0,200.0
Jerome,1,30,30.0,30.0
Jersey City,2,400,200.0,200.0
Jersey Shore,1,30,30.0,30.0
Jerseyville,1,200,200.0,200.0
Jesup,1,200,200.0,200.0
Jetmore,1,30,30.0,30.0
John Day,1,30,30.0,30.0
Johns Creek,1,200,200.0,200.0
Johnson,1,30,30.0,30.0
Johnson City,2,400,200.0,200.0
Johnstown,1,200,200.0,200.0
Joliet,1,200,200.0,200.0
Jonesboro,3,430,143.33333333333334,143.33333333333334
Joplin,2,400,200.0,200.0
Jordan,1,30,30.0,30.0
Joshua Tree,1,200,200.0,200.0
Jourdanton,1,200,200.0,200.0
Julesburg,1,30,30.0,30.0
Junction,1,30,30.0,30.0
Junction City,1,200,200.0,200.0
Juneau,1,200,200.0,200.0
Jupiter,1,200,200.0,200.0
Kahuku,1,30,30.0,30.0
Kailua,1,200,200.0,200.0
Kalamazoo,2,400,200.0,200.0
Kalispell,2,400,200.0,200.0
Kalkaska,1,30,30.0,30.0
Kamuela,1,200,200.0,200.0
Kanab,1,30,30.0,30.0
Kane,1,200,200.0,200.0
Kankakee,2,400,200.0,200.0
Kansas City,9,1700,188.88888888888889,188.88888888888889
Kapaa,1,30,30.0,30.0
Kapaau,1,30,30.0,30.0
Kaplan,1,30,30.0,30.0
Katy,1,200,200.0,200.0
Kaufman,1,200,200.0,200.0
Kaunakakai,1,30,30.0,30.0
Kealakekua,1,200,200.0,200.0
Kearney,2,400,200.0,200.0
Keene,1,200,200.0,200.0
Kellogg,1,30,30.0,30.0
Kemmerer,1,30,30.0,30.0
Kenansville,1,200,200.0,200.0
Kendallville,1,200,200.0,200.0
Kenedy,1,30,30.0,30.0
Kenmare,1,30,30.0,30.0
Kenmore,1,200,200.0,200.0
Kenner,1,200,200.0,200.0
Kennett,1,200,200.0,200.0
Kennewick,1,200,200.0,200.0
Kenosha,2,400,200.0,200.0
Kenton,1,30,30.0,30.0
Keokuk,1,200,200.0,200.0
Keosauqua,1,30,30.0,30.0
Kermit,1,30,30.0,30.0
Kerrville,1,200,200.0,200.0
Ketchikan,1,30,30.0,30.0
Ketchum,1,30,30.0,30.0
Kettering,1,200,200.0,200.0
Kewanee,1,30,30.0,30.0
Key West,1,200,200.0,200.0
Keyser,1,30,30.0,30.0
Kilgore,1,200,200.0,200.0
Killeen,1,200,200.0,200.0
Kilmarnock,1,30,30.0,30.0
Kimball,1,30,30.0,30.0
Kinder,1,200,200.0,200.0
King City,1,200,200.0,200.0
Kingfisher,1,30,30.0,30.0
Kingman,2,230,115.0,115.0
Kings Mountain,1,200,200.0,200.0
Kingsport,2,400,200.0,200.0
Kingston,2,400,200.0,200.0
Kingstree,1,30,30.0,30.0
Kingsville,1,200,200.0,200.0
Kingwood,3,430,143.33333333333334,143.33333333333334
Kinsley,1,30,30.0,30.0
Kinston,1,200,200.0,200.0
Kiowa,1,30,30.0,30.0
Kirkland,1,200,200.0,200.0
Kirksville,1,200,200.0,200.0
Kissimmee,2,400,200.0,200.0
Kittanning,1,200,200.0,200.0
Klamath Falls,1,200,200.0,200.0
Knox,1,200,200.0,200.0
Knox City,1,200,200.0,200.0
Knoxville,6,930,155.0,155.0
Kodiak,1,30,30.0,30.0
Kokomo,2,400,200.0,200.0
Kosciusko,1,30,30.0,30.0
Kotzebue,1,30,30.0,30.0
Kremmling,1,30,30.0,30.0
Kula,1,30,30.0,30.0
Kyle,1,200,200.0,200.0
L' Anse,1,30,30.0,30.0
La Crosse,3,430,143.33333333333334,143.33333333333334
La Follette,1,200,200.0,200.0
La Grande,1,30,30.0,30.0
La Grange,3,600,200.0,200.0
La Jara,1,30,30.0,30.0
La Jolla,2,400,200.0,200.0
La Junta,1,200,200.0,200.0
La Mesa,1,200,200.0,200.0
La Palma,1,200,200.0,200.0
La Plata,1,200,200.0,200.0
La Porte,1,200,200.0,200.0
Lacombe,1,200,200.0,200.0
Laconia,1,200,200.0,200.0
Ladysmith,1,30,30.0,30.0
Lafayette,12,2230,185.83333333333334,185.83333333333334
Lagrange,2,230,115.0,115.0
Laguna Hills,1,200,200.0,200.0
Lake Arrowhead,1,30,30.0,30.0
Lake Butler,1,30,30.0,30.0
Lake Charles,3,600,200.0,200.0
Lake City,5,660,132.0,132.0
Lake Forest,1,200,200.0,200.0
Lake Geneva,1,30,30.0,30.0
Lake Havasu City,1,200,200.0,200.0
Lake Isabella,1,30,30.0,30.0
Lake Jackson,1,200,200.0,200.0
Lake Providence,1,200,200.0,200.0
Lake Saint Louis,1,200,200.0,200.0
Lake Village,1,30,30.0,30.0
Lake Wales,1,200,200.0,200.0
Lakeland,2,230,115.0,115.0
Lakeport,1,30,30.0,30.0
Lakeview,2,60,30.0,30.0
Lakeway,1,200,200.0,200.0
Lakewood,5,1000,200.0,200.0
Lakin,1,30,30.0,30.0
Lamar,2,60,30.0,30.0
Lamesa,1,200,200.0,200.0
Lampasas,1,30,30.0,30.0
Lanai City,1,30,30.0,30.0
Lancaster,8,1260,157.5,157.5
Langdon,1,30,30.0,30.0
Langhorne,2,400,200.0,200.0
Lanham,1,200,200.0,200.0
Lansdale,1,200,200.0,200.0
Lansing,2,400,200.0,200.0
Lapeer,1,200,200.0,200.0
Laramie,1,200,200.0,200.0
Laredo,2,400,200.0,200.0
Largo,1,200,200.0,200.0
Larned,1,30,30.0,30.0
Las Cruces,2,400,200.0,200.0
Las Vegas,13,2600,200.0,200.0
Latrobe,1,200,200.0,200.0
Laurel,2,400,200.0,200.0
Laurinburg,1,200,200.0,200.0
Laurium,1,30,30.0,30.0
Laveen,1,200,200.0,200.0
Lavonia,1,200,200.0,200.0
Lawrence,2,400,200.0,200.0
Lawrenceburg,2,400,200.0,200.0
Lawrenceville,2,230,115.0,115.0
Lawton,3,600,200.0,200.0
Layton,1,200,200.0,200.0
Le Mars,1,30,30.0,30.0
Le Sueur,1,30,30.0,30.0
Leadville,1,30,30.0,30.0
Leakesville,1,30,30.0,30.0
Leavenworth,3,430,143.33333333333334,143.33333333333334
Leawood,2,400,200.0,200.0
Lebanon,9,1460,162.22222222222223,162.22222222222223
Lees Summit,2,400,200.0,200.0
Leesburg,2,400,200.0,200.0
Leesville,2,400,200.0,200.0
Lehigh Acres,1,200,200.0,200.0
Lehighton,1,200,200.0,200.0
Leitchfield,1,200,200.0,200.0
Lenexa,1,200,200.0,200.0
Lenoir,1,200,200.0,200.0
Lenoir City,1,200,200.0,200.0
Leominster,1,200,200.0,200.0
Leon,1,30,30.0,30.0
Leonardtown,1,200,200.0,200.0
Leoti,1,30,30.0,30.0
Levelland,1,200,200.0,200.0
Lewes,1,200,200.0,200.0
Lewisburg,2,230,115.0,115.0
Lewiston,4,800,200.0,200.0
Lewistown,2,230,115.0,115.0
Lewisville,1,200,200.0,200.0
Lexington,11,1420,129.0909090909091,129.0909090909091
Libby,1,30,30.0,30.0
Liberal,1,200,200.0,200.0
Liberty,3,260,86.66666666666667,86.66666666666667
Libertyville,1,200,200.0,200.0
Lihue,1,200,200.0,200.0
Lima,3,600,200.0,200.0
Lincoln,7,890,127.14285714285714,127.14285714285714
Lincoln City,1,30,30.0,30.0
Lincolnton,1,200,200.0,200.0
Linden,1,200,200.0,200.0
Lindsay,1,200,200.0,200.0
Lindsborg,1,30,30.0,30.0
Linton,2,60,30.0,30.0
Linville,1,30,30.0,30.0
Lisbon,1,30,30.0,30.0
Litchfield,2,60,30.0,30.0
Lithonia,1,200,200.0,200.0
Lititz,1,200,200.0,200.0
Little Falls,2,60,30.0,30.0
Little Rock,5,900,180.0,180.0
Littlefield,1,200,200.0,200.0
Littleton,2,230,115.0,115.0
Live Oak,1,30,30.0,30.0
Livingston,4,630,157.5,157.5
Livonia,1,200,200.0,200.0
Llano,1,200,200.0,200.0
Lock Haven,1,200,200.0,200.0
Lockney,1,30,30.0,30.0
Lockport,1,200,200.0,200.0
Lodi,2,230,115.0,115.0
Logan,3,430,143.33333333333334,143.33333333333334
Logansport,1,200,200.0,200.0
Loma Linda,2,400,200.0,200.0
Lompoc,1,200,200.0,200.0
London,2,400,200.0,200.0
Lone Pine,1,30,30.0,30.0
Lone Tree,1,200,200.0,200.0
Long Beach,5,900,180.0,180.0
Long Branch,1,200,200.0,200.0
Long Prairie,1,30,30.0,30.0
Longmont,1,200,200.0,200.0
Longview,3,600,200.0,200.0
Lorain,1,200,200.0,200.0
Loris,1,200,200.0,200.0
Los Alamitos,1,200,200.0,200.0
Los Alamos,1,200,200.0,200.0
Los Angeles,20,3800,190.0,190.0
Los Banos,1,200,200.0,200.0
Louisa,1,200,200.0,200.0
Louisiana,1,30,30.0,30.0
Louisville,7,1400,200.0,200.0
Loveland,2,400,200.0,200.0
Lovell,1,30,30.0,30.0
Lovelock,1,30,30.0,30.0
Lovington,1,30,30.0,30.0
Low Moor,1,200,200.0,200.0
Lowell,1,200,200.0,200.0
Lowville,1,30,30.0,30.0
Loxahatchee,1,200,200.0,200.0
Lubbock,5,900,180.0,180.0
Lucedale,1,200,200.0,200.0
Ludington,1,200,200.0,200.0
Lufkin,2,400,200.0,200.0
Luling,2,230,115.0,115.0
Lumberton,1,200,200.0,200.0
Luray,1,30,30.0,30.0
Lusk,1,30,30.0,30.0
Lutcher,1,30,30.0,30.0
Luverne,2,230,115.0,115.0
Lynch,1,30,30.0,30.0
Lynchburg,1,200,200.0,200.0
Lynwood,1,200,200.0,200.0
Lyons,1,30,30.0,30.0
Macclenny,1,200,200.0,200.0
Machias,1,30,30.0,30.0
Macomb,1,200,200.0,200.0
Macon,5,660,132.0,132.0
Madelia,1,30,30.0,30.0
Madera,2,300,150.0,150.0
Madill,1,30,30.0,30.0
Madison,9,950,105.55555555555556,105.55555555555556
Madisonville,2,230,115.0,115.0
Madras,1,30,30.0,30.0
Magee,1,200,200.0,200.0
Magnolia,2,400,200.0,200.0
Mahnomen,1,30,30.0,30.0
Malad,1,30,30.0,30.0
Malone,1,200,200.0,200.0
Malta,1,30,30.0,30.0
Malvern,1,200,200.0,200.0
Mammoth Lakes,1,30,30.0,30.0
Mamou,1,200,200.0,200.0
Manahawkin,1,200,200.0,200.0
Manassas,1,200,200.0,200.0
Manati,2,400,200.0,200.0
Manchester,6,1030,171.66666666666666,171.66666666666666
Mangum,1,30,30.0,30.0
Manhasset,1,200,200.0,200.0
Manhattan,2,400,200.0,200.0
Manistee,1,200,200.0,200.0
Manistique,1,30,30.0,30.0
Manitowoc,1,200,200.0,200.0
Mankato,2,230,115.0,115.0
Manning,2,230,115.0,115.0
Mansfield,3,600,200.0,200.0
Manteca,2,400,200.0,200.0
Many,1,200,200.0,200.0
Maple Grove,1,200,200.0,200.0
Maplewood,1,200,200.0,200.0
Maquoketa,1,30,30.0,30.0
Marathon,1,30,30.0,30.0
Marble Falls,1,200,200.0,200.0
Marengo,1,30,30.0,30.0
Margaretville,1,30,30.0,30.0
Margate,1,200,200.0,200.0
Marianna,1,200,200.0,200.0
Marietta,4,460,115.0,115.0
Marina Del Rey,1,200,200.0,200.0
Marinette,1,200,200.0,200.0
Marion,7,1230,175.71428571428572,175.71428571428572
Mariposa,1,30,30.0,30.0
Marks,1,30,30.0,30.0
Marksville,1,200,200.0,200.0
Marlborough,1,200,200.0,200.0
Marlette,1,30,30.0,30.0
Marlin,1,200,200.0,200.0
Marlton,1,100,100.0,100.0
Marquette,1,200,200.0,200.0
Marrero,1,200,200.0,200.0
Marshall,4,630,157.5,157.5
Marshalltown,1,200,200.0,200.0
Marshfield,1,200,200.0,200.0
Martin,3,260,86.66666666666667,86.66666666666667
Martinez,1,200,200.0,200.0
Martins Ferry,1,200,200.0,200.0
Martinsburg,1,200,200.0,200.0
Martinsville,1,200,200.0,200.0
Maryland Heights,1,100,100.0,100.0
Marysville,3,430,143.33333333333334,143.33333333333334
Maryville,3,600,200.0,200.0
Mason City,1,200,200.0,200.0
Massena,1,200,200.0,200.0
Massillon,1,200,200.0,200.0
Matthews,1,200,200.0,200.0
Mattoon,1,200,200.0,200.0
Maumee,1,200,200.0,200.0
Mauston,1,200,200.0,200.0
Mayaguez,3,600,200.0,200.0
Mayfield,1,200,200.0,200.0
Mayfield Heights,1,200,200.0,200.0
Maysville,1,200,200.0,200.0
Mayville,1,30,30.0,30.0
Maywood,1,200,200.0,200.0
Mc Call,1,30,30.0,30.0
Mc Dowell,1,30,30.0,30.0
Mc Keesport,1,200,200.0,200.0
Mc Kenzie,1,200,200.0,200.0
Mc Kinney,1,200,200.0,200.0
Mc Minnville,1,200,200.0,200.0
Mcalester,1,200,200.0,200.0
Mcallen,1,200,200.0,200.0
Mccamey,1,30,30.0,30.0
Mccomb,1,200,200.0,200.0
Mcconnellsburg,1,30,30.0,30.0
Mccook,1,30,30.0,30.0
Mcgehee,1,30,30.0,30.0
Mchenry,1,200,200.0,200.0
Mckees Rocks,1,200,200.0,200.0
Mckinney,2,400,200.0,200.0
Mcleansboro,1,30,30.0,30.0
Mcminnville,1,200,200.0,200.0
Mcpherson,1,200,200.0,200.0
Mcville,1,30,30.0,30.0
Meade,1,30,30.0,30.0
Meadowbrook,1,200,200.0,200.0
Meadville,2,230,115.0,115.0
Mechanicsville,1,200,200.0,200.0
Medford,3,430,143.33333333333334,143.33333333333334
Media,1,200,200.0,200.0
Medicine Lodge,1,30,30.0,30.0
Medina,2,230,115.0,115.0
Meeker,1,30,30.0,30.0
Melbourne,3,600,200.0,200.0
Melrose,2,230,115.0,115.0
Melrose Park,2,400,200.0,200.0
Memphis,7,1130,161.42857142857142,161.42857142857142
Mena,1,200,200.0,200.0
Mendenhall,1,30,30.0,30.0
Mendota,1,30,30.0,30.0
Menlo Park,1,200,200.0,200.0
Menomonee Falls,1,200,200.0,200.0
Menomonie,1,30,30.0,30.0
Mequon,2,400,200.0,200.0
Merced,1,200,200.0,200.0
Meriden,1,200,200.0,200.0
Meridian,4,800,200.0,200.0
Merrill,1,30,30.0,30.0
Mesa,6,1100,183.33333333333334,183.33333333333334
Mescalero,1,200,200.0,200.0
Mesquite,2,230,115.0,115.0
Metairie,2,400,200.0,200.0
Methuen,1,200,200.0,200.0
Metropolis,1,30,30.0,30.0
Metter,1,30,30.0,30.0
Mexia,1,200,200.0,200.0
Mexico,1,200,200.0,200.0
Miami,12,2300,191.66666666666666,191.66666666666666
Miami Beach,1,200,200.0,200.0
Miamisburg,1,200,200.0,200.0
Michigan City,1,200,200.0,200.0
Middleburg,1,200,200.0,200.0
Middleburg Heights,1,200,200.0,200.0
Middlebury,1,30,30.0,30.0
Middlesboro,1,200,200.0,200.0
Middletown,2,400,200.0,200.0
Midland,2,400,200.0,200.0
Midlothian,1,200,200.0,200.0
Midwest City,1,200,200.0,200.0
Milan,2,230,115.0,115.0
Milbank,1,30,30.0,30.0
Miles City,1,30,30.0,30.0
Milford,4,630,157.5,157.5
Milledgeville,1,200,200.0,200.0
Millen,1,30,30.0,30.0
Miller,1,30,30.0,30.0
Millersburg,1,200,200.0,200.0
Millinocket,1,30,30.0,30.0
Milton,2,400,200.0,200.0
Milwaukee,6,1100,183.33333333333334,183.33333333333334
Milwaukie,1,200,200.0,200.0
Minden,2,230,115.0,115.0
Mineola,1,200,200.0,200.0
Mineral Wells,1,200,200.0,200.0
Minneapolis,7,1030,147.14285714285714,147.14285714285714
Minneola,1,30,30.0,30.0
Minot,1,200,200.0,200.0
Miramar,1,200,200.0,200.0
Miramar Beach,1,200,200.0,200.0
Mishawaka,2,400,200.0,200.0
Mission,1,200,200.0,200.0
Mission Hills,1,200,200.0,200.0
Mission Viejo,2,300,150.0,150.0
Missoula,2,400,200.0,200.0
Missouri Valley,1,30,30.0,30.0
Mitchell,1,200,200.0,200.0
Moab,1,30,30.0,30.0
Moberly,1,200,200.0,200.0
Mobile,5,900,180.0,180.0
Mobridge,1,30,30.0,30.0
Moca,1,200,200.0,200.0
Mocksville,1,200,200.0,200.0
Modesto,3,600,200.0,200.0
Monahans,1,30,30.0,30.0
Monett,1,30,30.0,30.0
Monmouth,1,30,30.0,30.0
Monongahela,1,200,200.0,200.0
Monroe,9,1800,200.0,200.0
Monroeville,3,600,200.0,200.0
Montclair,2,400,200.0,200.0
Montebello,1,200,200.0,200.0
Monterey,1,200,200.0,200.0
Monterey Park,2,400,200.0,200.0
Montevideo,1,30,30.0,30.0
Montezuma,1,200,200.0,200.0
Montgomery,4,630,157.5,157.5
Monticello,8,410,51.25,51.25
Montour Falls,1,30,30.0,30.0
Montpelier,2,60,30.0,30.0
Montrose,2,230,115.0,115.0
Mooresville,2,400,200.0,200.0
Moose Lake,1,30,30.0,30.0
Mora,1,30,30.0,30.0
Morehead,1,200,200.0,200.0
Morehead City,1,200,200.0,200.0
Moreno Valley,2,400,200.0,200.0
Morgan City,1,200,200.0,200.0
Morganfield,1,30,30.0,30.0
Morganton,1,200,200.0,200.0
Morgantown,2,400,200.0,200.0
Morrilton,1,30,30.0,30.0
Morris,2,230,115.0,115.0
Morrison,1,30,30.0,30.0
Morristown,3,600,200.0,200.0
Morrisville,1,30,30.0,30.0
Morton,3,90,30.0,30.0
Moscow,1,30,30.0,30.0
Moses Lake,1,200,200.0,200.0
Moulton,1,200,200.0,200.0
Moultrie,2,400,200.0,200.0
Moundridge,1,200,200.0,200.0
Mount Airy,1,200,200.0,200.0
Mount Ayr,1,30,30.0,30.0
Mount Carmel,1,30,30.0,30.0
Mount Clemens,1,200,200.0,200.0
Mount Gilead,1,30,30.0,30.0
Mount Holly,1,200,200.0,200.0
Mount Kisco,1,200,200.0,200.0
Mount Pleasant,7,1060,151.42857142857142,151.42857142857142
Mount Shasta,1,30,30.0,30.0
Mount Sterling,1,200,200.0,200.0
Mount Vernon,6,1200,200.0,200.0
Mountain City,1,30,30.0,30.0
Mountain Home,2,230,115.0,115.0
Mountain View,3,260,86.66666666666667,86.66666666666667
Muenster,1,30,30.0,30.0
Muleshoe,1,30,30.0,30.0
Mullins,1,200,200.0,200.0
Muncie,1,200,200.0,200.0
Muncy,1,30,30.0,30.0
Munising,1,30,30.0,30.0
Munster,2,400,200.0,200.0
Murfreesboro,2,400,200.0,200.0
Murphy,1,30,30.0,30.0
Murphysboro,1,30,30.0,30.0
Murray,3,600,200.0,200.0
Murrells Inlet,1,200,200.0,200.0
Murrieta,2,400,200.0,200.0
Muscatine,1,200,200.0,200.0
Muscle Shoals,1,200,200.0,200.0
Muskegon,1,200,200.0,200.0
Muskogee,1,200,200.0,200.0
Myersdale,1,30,30.0,30.0
Myrtle Beach,1,200,200.0,200.0
Nacogdoches,2,400,200.0,200.0
Nags Head,1,30,30.0,30.0
Nampa,1,200,200.0,200.0
Nantucket,1,200,200.0,200.0
Napa,1,200,200.0,200.0
Naperville,1,200,200.0,200.0
Naples,3,600,200.0,200.0
Napoleon,1,30,30.0,30.0
Napoleonville,1,30,30.0,30.0
Nashua,2,400,200.0,200.0
Nashville,11,1860,169.0909090909091,169.0909090909091
Nassau Bay,1,200,200.0,200.0
Natchez,1,200,200.0,200.0
Natchitoches,1,200,200.0,200.0
National City,1,200,200.0,200.0
Natrona,1,200,200.0,200.0
Navasota,1,30,30.0,30.0
Nebraska City,1,30,30.0,30.0
Needham,1,200,200.0,200.0
Needles,1,30,30.0,30.0
Neenah,2,300,150.0,150.0
Neillsville,1,30,30.0,30.0
Neligh,1,30,30.0,30.0
Neodesha,1,30,30.0,30.0
Neosho,1,30,30.0,30.0
Nephi,1,30,30.0,30.0
Neptune,1,200,200.0,200.0
Ness City,1,30,30.0,30.0
Nevada,2,230,115.0,115.0
New Albany,4,800,200.0,200.0
New Bern,1,200,200.0,200.0
New Braunfels,1,200,200.0,200.0
New Britain,1,200,200.0,200.0
New Brunswick,3,500,166.66666666666666,166.66666666666666
New Castle,2,400,200.0,200.0
New Hampton,1,30,30.0,30.0
New Haven,1,200,200.0,200.0
New Hyde Park,1,200,200.0,200.0
New Iberia,1,200,200.0,200.0
New Kent,1,100,100.0,100.0
New Lenox,1,200,200.0,200.0
New London,3,260,86.66666666666667,86.66666666666667
New Martinsville,1,200,200.0,200.0
New Orleans,7,1300,185.71428571428572,185.71428571428572
New Port Richey,1,200,200.0,200.0
New Prague,1,30,30.0,30.0
New Richmond,1,30,30.0,30.0
New Roads,1,30,30.0,30.0
New Rochelle,1,200,200.0,200.0
New Smyrna Beach,1,200,200.0,200.0
New Ulm,1,30,30.0,30.0
New York,12,2400,200.0,200.0
Newark,6,1200,200.0,200.0
Newberg,1,200,200.0,200.0
Newberry,2,230,115.0,115.0
Newburgh,3,600,200.0,200.0
Newburyport,1,200,200.0,200.0
Newcastle,1,30,30.0,30.0
Newnan,2,400,200.0,200.0
Newport,5,490,98.0,98.0
Newport Beach,1,200,200.0,200.0
Newport News,2,400,200.0,200.0
Newton,4,800,200.0,200.0
Niagara Falls,1,200,200.0,200.0
Niceville,1,200,200.0,200.0
No Little Rock,1,200,200.0,200.0
Noblesville,1,200,200.0,200.0
Nocona,1,200,200.0,200.0
Nogales,1,30,30.0,30.0
Nome,1,30,30.0,30.0
Norfolk,5,900,180.0,180.0
Normal,1,200,200.0,200.0
Norman,2,300,150.0,150.0
Norristown,2,400,200.0,200.0
North Bergen,1,200,200.0,200.0
North Conway,1,30,30.0,30.0
North Kansas City,1,200,200.0,200.0
North Las Vegas,1,200,200.0,200.0
North Little Rock,1,200,200.0,200.0
North Logan,1,200,200.0,200.0
North Platte,1,200,200.0,200.0
North Providence,1,200,200.0,200.0
North Richland Hills,1,200,200.0,200.0
North Vernon,1,30,30.0,30.0
North Wilkesboro,1,200,200.0,200.0
Northampton,1,200,200.0,200.0
Northfield,1,200,200.0,200.0
Northridge,1,200,200.0,200.0
Northwood,1,30,30.0,30.0
Norton,2,230,115.0,115.0
Norwalk,3,600,200.0,200.0
Norway,1,30,30.0,30.0
Norwich,2,400,200.0,200.0
Norwood,1,200,200.0,200.0
Novato,1,200,200.0,200.0
Nowata,1,30,30.0,30.0
Nyack,1,200,200.0,200.0
O Fallon,1,200,200.0,200.0
O' Neill,1,30,30.0,30.0
Oak Bluffs,1,30,30.0,30.0
Oak Grove,1,200,200.0,200.0
Oak Hill,1,30,30.0,30.0
Oak Lawn,1,200,200.0,200.0
Oak Park,2,400,200.0,200.0
Oak Ridge,1,200,200.0,200.0
Oakdale,2,400,200.0,200.0
Oakes,1,30,30.0,30.0
Oakland,6,930,155.0,155.0
Oakley,1,30,30.0,30.0
Oberlin,2,60,30.0,30.0
Ocala,2,400,200.0,200.0
Oceanside,2,400,200.0,200.0
Ocilla,1,200,200.0,200.0
Ocoee,1,200,200.0,200.0
Oconomowoc,1,200,200.0,200.0
Oconto,1,30,30.0,30.0
Oconto Falls,1,30,30.0,30.0
Odessa,4,630,157.5,157.5
Oelwein,1,30,30.0,30.0
Ogallala,1,30,30.0,30.0
Ogden,2,400,200.0,200.0
Ogdensburg,1,200,200.0,200.0
Ojai,1,30,30.0,30.0
Okeechobee,1,200,200.0,200.0
Okeene,1,30,30.0,30.0
Okemah,1,30,30.0,30.0
Oklahoma City,16,3200,200.0,200.0
Okmulgee,1,200,200.0,200.0
Olathe,1,200,200.0,200.0
Olean,1,200,200.0,200.0
Olive Branch,1,200,200.0,200.0
Olivia,1,30,30.0,30.0
Olla,1,30,30.0,30.0
Olney,3,430,143.33333333333334,143.33333333333334
Olympia,2,400,200.0,200.0
Olympia Fields,1,200,200.0,200.0
Omaha,10,1800,180.0,180.0
Omak,1,30,30.0,30.0
Onaga,1,30,30.0,30.0
Onamia,1,30,30.0,30.0
Onancock,1,200,200.0,200.0
Onawa,1,30,30.0,30.0
Oneida,1,200,200.0,200.0
Oneonta,2,230,115.0,115.0
Ontario,1,200,200.0,200.0
Ontonagon,1,30,30.0,30.0
Opelika,1,200,200.0,200.0
Opelousas,1,200,200.0,200.0
Opp,1,200,200.0,200.0
Orange,5,800,160.0,160.0
Orange City,2,230,115.0,115.0
Orange Park,1,200,200.0,200.0
Orangeburg,1,200,200.0,200.0
Ord,1,30,30.0,30.0
Oregon,2,400,200.0,200.0
Oregon City,1,200,200.0,200.0
Orem,2,400,200.0,200.0
Orlando,3,500,166.66666666666666,166.66666666666666
Oro Valley,1,200,200.0,200.0
Orofino,1,30,30.0,30.0
Oroville,1,200,200.0,200.0
Orrville,1,30,30.0,30.0
Ortonville,1,30,30.0,30.0
Osage,1,30,30.0,30.0
Osage Beach,1,200,200.0,200.0
Osborne,1,30,30.0,30.0
Osceola,4,120,30.0,30.0
Oshkosh,3,430,143.33333333333334,143.33333333333334
Oskaloosa,1,30,30.0,30.0
Osmond,1,30,30.0,30.0
Osseo,1,30,30.0,30.0
Oswego,2,230,115.0,115.0
Othello,1,30,30.0,30.0
Ottawa,2,400,200.0,200.0
Ottumwa,1,200,200.0,200.0
Overland Park,5,900,180.0,180.0
Owasso,2,400,200.0,200.0
Owatonna,1,200,200.0,200.0
Owensboro,1,200,200.0,200.0
Owenton,1,30,30.0,30.0
Owosso,1,200,200.0,200.0
Oxford,3,600,200.0,200.0
Oxnard,1,200,200.0,200.0
Ozark,2,230,115.0,115.0
Paducah,3,600,200.0,200.0
Page,1,30,30.0,30.0
Pago Pago,1,200,200.0,200.0
Pagosa Springs,1,30,30.0,30.0
Pahala,1,30,30.0,30.0
Pahrump,1,30,30.0,30.0
Paintsville,1,200,200.0,200.0
Palacios,1,30,30.0,30.0
Palatka,1,200,200.0,200.0
Palestine,1,200,200.0,200.0
Palm Bay,1,200,200.0,200.0
Palm Beach Gardens,1,200,200.0,200.0
Palm Coast,1,200,200.0,200.0
Palm Springs,1,200,200.0,200.0
Palmdale,1,200,200.0,200.0
Palmer,2,400,200.0,200.0
Palmerton,1,200,200.0,200.0
Palo Alto,1,100,100.0,100.0
Palos Heights,1,200,200.0,200.0
Pampa,1,200,200.0,200.0
Pana,1,30,30.0,30.0
Panama City,2,400,200.0,200.0
Panguitch,1,200,200.0,200.0
Panorama City,2,400,200.0,200.0
Paola,1,200,200.0,200.0
Paoli,2,230,115.0,115.0
Papillion,1,200,200.0,200.0
Paradise,1,200,200.0,200.0
Paragould,1,200,200.0,200.0
Paramus,1,200,200.0,200.0
Paris,5,660,132.0,132.0
Park City,1,200,200.0,200.0
Park Falls,1,30,30.0,30.0
Park Rapids,1,30,30.0,30.0
Park Ridge,1,200,200.0,200.0
Park River,1,30,30.0,30.0
Parker,3,260,86.66666666666667,86.66666666666667
Parkersburg,1,200,200.0,200.0
Parkston,1,30,30.0,30.0
Parma,1,200,200.0,200.0
Parsons,2,400,200.0,200.0
Pasadena,4,800,200.0,200.0
Pascagoula,1,200,200.0,200.0
Pasco,1,30,30.0,30.0
Passaic,1,200,200.0,200.0
Patchogue,1,200,200.0,200.0
Paterson,1,200,200.0,200.0
Paulding,1,30,30.0,30.0
Pauls Valley,1,200,200.0,200.0
Paw Paw,1,30,30.0,30.0
Pawhuska,1,30,30.0,30.0
Pawnee City,1,30,30.0,30.0
Pawtucket,1,200,200.0,200.0
Paynesville,1,30,30.0,30.0
Payson,2,400,200.0,200.0
Pearisburg,1,30,30.0,30.0
Pearland,1,200,200.0,200.0
Pearsall,1,200,200.0,200.0
Pecos,1,30,30.0,30.0
Pekin,1,200,200.0,200.0
Pell City,1,200,200.0,200.0
Pella,1,30,30.0,30.0
Pembroke Pines,2,400,200.0,200.0
Pender,1,30,30.0,30.0
Pendleton,1,30,30.0,30.0
Penn Yan,1,30,30.0,30.0
Pennington,1,200,200.0,200.0
Pensacola,3,600,200.0,200.0
Peoria,3,600,200.0,200.0
Perham,1,30,30.0,30.0
Peridot,1,200,200.0,200.0
Perry,4,630,157.5,157.5
Perryton,1,30,30.0,30.0
Perryville,1,30,30.0,30.0
Perth Amboy,1,200,200.0,200.0
Peru,2,230,115.0,115.0
Petaluma,1,200,200.0,200.0
Peterborough,1,30,30.0,30.0
Petersburg,4,460,115.0,115.0
Petoskey,1,200,200.0,200.0
Phenix City,1,200,200.0,200.0
Philadelphia,19,3500,184.21052631578948,184.21052631578948
Philip,1,30,30.0,30.0
Philippi,1,30,30.0,30.0
Philipsburg,1,30,30.0,30.0
Phillipsburg,2,230,115.0,115.0
Phoenix,16,3000,187.5,187.5
Phoenixville,1,200,200.0,200.0
Picayune,1,200,200.0,200.0
Pickens,1,200,200.0,200.0
Pierre,1,200,200.0,200.0
Pigeon,1,30,30.0,30.0
Piggott,1,30,30.0,30.0
Pikeville,2,230,115.0,115.0
Pilot Knob,1,30,30.0,30.0
Pinckneyville,1,30,30.0,30.0
Pine Bluff,1,200,200.0,200.0
Pine Ridge,1,200,200.0,200.0
Pinehurst,1,200,200.0,200.0
Pineville,1,200,200.0,200.0
Pipestone,1,30,30.0,30.0
Pittsburg,2,230,115.0,115.0
Pittsburgh,11,1900,172.72727272727272,172.72727272727272
Pittsfield,3,260,86.66666666666667,86.66666666666667
Placentia,1,200,200.0,200.0
Placerville,1,200,200.0,200.0
Plains,1,30,30.0,30.0
Plainsboro,1,200,200.0,200.0
Plainview,3,430,143.33333333333334,143.33333333333334
Plainville,1,30,30.0,30.0
Plano,6,1100,183.33333333333334,183.33333333333334
Plant City,1,200,200.0,200.0
Plantation,2,400,200.0,200.0
Platte,1,30,30.0,30.0
Platteville,1,30,30.0,30.0
Plattsburgh,1,200,200.0,200.0
Pleasanton,1,200,200.0,200.0
Plentywood,1,30,30.0,30.0
Plymouth,4,460,115.0,115.0
Pocahontas,2,230,115.0,115.0
Pocatello,1,200,200.0,200.0
Point Pleasant,1,200,200.0,200.0
Polacca,1,30,30.0,30.0
Polson,1,30,30.0,30.0
Pomeroy,1,30,30.0,30.0
Pomona,2,400,200.0,200.0
Pompano Beach,1,200,200.0,200.0
Pompton Plains,1,200,200.0,200.0
Ponca City,1,200,200.0,200.0
Ponce,3,600,200.0,200.0
Pontiac,4,800,200.0,200.0
Pontotoc,1,30,30.0,30.0
Poplar,1,30,30.0,30.0
Poplar Bluff,2,400,200.0,200.0
Poplarville,1,30,30.0,30.0
Port Angeles,1,200,200.0,200.0
Port Arthur,1,200,200.0,200.0
Port Charlotte,2,400,200.0,200.0
Port Clinton,1,30,30.0,30.0
Port Gibson,1,30,30.0,30.0
Port Huron,2,400,200.0,200.0
Port Jefferson,2,400,200.0,200.0
Port Jervis,1,200,200.0,200.0
Port Lavaca,1,30,30.0,30.0
Port Saint Joe,1,200,200.0,200.0
Port Saint Lucie,1,200,200.0,200.0
Port Townsend,1,30,30.0,30.0
Portage,1,200,200.0,200.0
Portales,1,200,200.0,200.0
Porterville,2,400,200.0,200.0
Portland,10,1730,173.0,173.0
Portola,1,30,30.0,30.0
Portsmouth,4,800,200.0,200.0
Post Falls,1,200,200.0,200.0
Poteau,2,230,115.0,115.0
Potosi,1,30,30.0,30.0
Potsdam,1,200,200.0,200.0
Pottstown,1,200,200.0,200.0
Pottsville,2,400,200.0,200.0
Poughkeepsie,1,200,200.0,200.0
Poway,1,200,200.0,200.0
Powell,1,30,30.0,30.0
Prague,1,30,30.0,30.0
Prairie Du Chien,1,30,30.0,30.0
Prairie Du Sac,1,200,200.0,200.0
Pratt,1,200,200.0,200.0
Prattville,1,200,200.0,200.0
Prentiss,1,30,30.0,30.0
Prescott,1,200,200.0,200.0
Presque Isle,1,200,200.0,200.0
Preston,1,30,30.0,30.0
Prestonsburg,1,200,200.0,200.0
Price,1,200,200.0,200.0
Primghar,1,30,30.0,30.0
Prince Frederick,1,200,200.0,200.0
Princeton,5,490,98.0,98.0
Prineville,1,30,30.0,30.0
Proctorville,1,200,200.0,200.0
Prosser,1,30,30.0,30.0
Providence,4,800,200.0,200.0
Provo,1,200,200.0,200.0
Pryor,1,200,200.0,200.0
Pueblo,2,400,200.0,200.0
Pulaski,2,400,200.0,200.0
Pullman,1,30,30.0,30.0
Punta Gorda,1,200,200.0,200.0
Punxsutawney,1,200,200.0,200.0
Purcell,1,200,200.0,200.0
Putnam,1,200,200.0,200.0
Puyallup,1,200,200.0,200.0
Quakertown,1,200,200.0,200.0
Quanah,1,30,30.0,30.0
Quincy,3,260,86.66666666666667,86.66666666666667
Quinter,1,30,30.0,30.0
Quitman,3,90,30.0,30.0
Raceland,1,30,30.0,30.0
Racine,1,200,200.0,200.0
Raeford,1,200,200.0,200.0
Rahway,1,200,200.0,200.0
Raleigh,4,800,200.0,200.0
Rancho Mirage,1,200,200.0,200.0
Randallstown,1,200,200.0,200.0
Randolph,1,30,30.0,30.0
Rangely,1,30,30.0,30.0
Rankin,1,30,30.0,30.0
Ransom,1,30,30.0,30.0
Ranson,1,30,30.0,30.0
Rapid City,4,800,200.0,200.0
Raton,1,30,30.0,30.0
Ravenna,1,200,200.0,200.0
Rawlins,1,30,30.0,30.0
Rayville,1,200,200.0,200.0
Reading,2,400,200.0,200.0
Red Bank,1,200,200.0,200.0
Red Bay,1,30,30.0,30.0
Red Bluff,1,200,200.0,200.0
Red Bud,1,30,30.0,30.0
Red Cloud,1,30,30.0,30.0
Red Lodge,1,30,30.0,30.0
Red Oak,1,30,30.0,30.0
Red Wing,1,200,200.0,200.0
Redding,3,600,200.0,200.0
Redfield,1,30,30.0,30.0
Redlake,1,200,200.0,200.0
Redlands,1,200,200.0,200.0
Redmond,1,200,200.0,200.0
Redwood City,2,400,200.0,200.0
Redwood Falls,1,30,30.0,30.0
Reed City,1,30,30.0,30.0
Reedley,1,200,200.0,200.0
Reedsburg,1,30,30.0,30.0
Reedsport,1,30,30.0,30.0
Refugio,1,30,30.0,30.0
Reidsville,1,30,30.0,30.0
Reno,3,600,200.0,200.0
Renovo,1,30,30.0,30.0
Rensselaer,1,30,30.0,30.0
Renton,1,200,200.0,200.0
Republic,1,30,30.0,30.0
Reston,1,200,200.0,200.0
Rexburg,1,200,200.0,200.0
Rhinebeck,1,200,200.0,200.0
Rhinelander,1,200,200.0,200.0
Rice Lake,1,200,200.0,200.0
Richardson,1,200,200.0,200.0
Richfield,1,200,200.0,200.0
Richland,1,200,200.0,200.0
Richland Center,1,30,30.0,30.0
Richlands,1,200,200.0,200.0
Richmond,10,1730,173.0,173.0
Richmond Heights,2,400,200.0,200.0
Richton,1,30,30.0,30.0
Ridgecrest,1,30,30.0,30.0
Ridgewood,1,200,200.0,200.0
Rifle,1,30,30.0,30.0
Rio Grande City,1,200,200.0,200.0
Rio Piedras,3,600,200.0,200.0
Rio Rancho,1,200,200.0,200.0
Ripley,3,90,30.0,30.0
Ripon,1,30,30.0,30.0
Ritzville,1,30,30.0,30.0
River Falls,1,30,30.0,30.0
Riverdale,1,200,200.0,200.0
Riverhead,1,200,200.0,200.0
Riverside,3,600,200.0,200.0
Riverton,2,400,200.0,200.0
Roanoke,1,200,200.0,200.0
Roanoke Rapids,1,200,200.0,200.0
Roaring Spring,1,200,200.0,200.0
Robbinsdale,1,200,200.0,200.0
Robinson,1,30,30.0,30.0
Rochelle,1,30,30.0,30.0
Rochester,10,1830,183.0,183.0
Rock Creek,1,200,200.0,200.0
Rock Hill,1,200,200.0,200.0
Rock Island,1,200,200.0,200.0
Rock Rapids,1,30,30.0,30.0
Rock Springs,2,400,200.0,200.0
Rock Valley,1,30,30.0,30.0
Rockdale,1,30,30.0,30.0
Rockford,3,600,200.0,200.0
Rockledge,1,200,200.0,200.0
Rockport,1,200,200.0,200.0
Rockville,2,400,200.0,200.0
Rockville Centre,1,200,200.0,200.0
Rockwall,2,400,200.0,200.0
Rocky Mount,2,400,200.0,200.0
Rogers,1,200,200.0,200.0
Rogersville,1,200,200.0,200.0
Rolla,2,230,115.0,115.0
Rolling Fork,1,200,200.0,200.0
Rome,3,600,200.0,200.0
Romney,1,30,30.0,30.0
Ronan,1,30,30.0,30.0
Ronceverte,1,200,200.0,200.0
Roosevelt,1,200,200.0,200.0
Roseau,1,30,30.0,30.0
Rosebud,1,200,200.0,200.0
Roseburg,1,200,200.0,200.0
Roseville,2,400,200.0,200.0
Rosiclare,1,30,30.0,30.0
Roslyn,1,200,200.0,200.0
Roswell,3,600,200.0,200.0
Rotan,1,30,30.0,30.0
Round Rock,3,600,200.0,200.0
Roundup,1,30,30.0,30.0
Rowlett,1,200,200.0,200.0
Roxboro,1,200,200.0,200.0
Royal Oak,1,200,200.0,200.0
Royersford,1,200,200.0,200.0
Rugby,1,30,30.0,30.0
Ruidoso,1,30,30.0,30.0
Ruleville,1,30,30.0,30.0
Rumford,1,30,30.0,30.0
Rupert,1,30,30.0,30.0
Rushville,2,60,30.0,30.0
Russell,1,30,30.0,30.0
Russell Springs,1,30,30.0,30.0
Russellville,3,600,200.0,200.0
Ruston,1,200,200.0,200.0
Rutherfordton,1,200,200.0,200.0
Rutland,1,200,200.0,200.0
Sabetha,1,30,30.0,30.0
Sac City,1,30,30.0,30.0
Sacaton,1,30,30.0,30.0
Sacramento,7,1300,185.71428571428572,185.71428571428572
Safety Harbor,1,200,200.0,200.0
Safford,1,200,200.0,200.0
Saginaw,3,600,200.0,200.0
Saint Albans,1,200,200.0,200.0
Saint Augustine,1,200,200.0,200.0
Saint Charles,1,200,200.0,200.0
Saint Cloud,2,400,200.0,200.0
Saint Croix Falls,1,30,30.0,30.0
Saint Francisville,1,30,30.0,30.0
Saint Helena,1,200,200.0,200.0
Saint Ignace,1,30,30.0,30.0
Saint Johns,1,30,30.0,30.0
Saint Johnsbury,1,30,30.0,30.0
Saint Joseph,1,200,200.0,200.0
Saint Louis,9,1600,177.77777777777777,177.77777777777777
Saint Louis Park,1,200,200.0,200.0
Saint Marys,3,430,143.33333333333334,143.33333333333334
Saint Paul,4,700,175.0,175.0
Saint Peters,1,200,200.0,200.0
Saint Petersburg,6,1100,183.33333333333334,183.33333333333334
Sainte Genevieve,1,30,30.0,30.0
Salem,10,1150,115.0,115.0
Salida,1,30,30.0,30.0
Salina,2,400,200.0,200.0
Salinas,2,400,200.0,200.0
Salisbury,2,400,200.0,200.0
Sallisaw,1,200,200.0,200.0
Salmon,1,30,30.0,30.0
Salt Lake City,6,1000,166.66666666666666,166.66666666666666
San Andreas,1,30,30.0,30.0
San Angelo,2,400,200.0,200.0
San Antonio,13,2500,192.30769230769232,192.30769230769232
San Augustine,1,30,30.0,30.0
San Bernardino,2,400,200.0,200.0
San Diego,6,1100,183.33333333333334,183.33333333333334
San Dimas,1,200,200.0,200.0
San Fidel,1,200,200.0,200.0
San Francisco,10,2000,200.0,200.0
San Gabriel,1,200,200.0,200.0
San German,2,400,200.0,200.0
San Jose,5,1000,200.0,200.0
San Juan,8,1500,187.5,187.5
San Leandro,2,400,200.0,200.0
San Luis Obispo,2,400,200.0,200.0
San Marcos,1,200,200.0,200.0
San Mateo,1,200,200.0,200.0
San Pedro,1,200,200.0,200.0
San Rafael,1,200,200.0,200.0
San Ramon,1,200,200.0,200.0
San Tan Valley,1,200,200.0,200.0
Sandersville,1,200,200.0,200.0
Sandpoint,1,30,30.0,30.0
Sandstone,1,30,30.0,30.0
Sandusky,2,230,115.0,115.0
Sandwich,1,30,30.0,30.0
Sandy,1,200,200.0,200.0
Sanford,2,400,200.0,200.0
Santa Ana,2,400,200.0,200.0
Santa Barbara,2,400,200.0,200.0
Santa Clara,1,200,200.0,200.0
Santa Cruz,2,400,200.0,200.0
Santa Fe,2,400,200.0,200.0
Santa Maria,1,200,200.0,200.0
Santa Monica,2,400,200.0,200.0
Santa Rosa,4,800,200.0,200.0
Sapulpa,1,30,30.0,30.0
Saranac Lake,1,200,200.0,200.0
Sarasota,2,400,200.0,200.0
Saratoga Springs,1,200,200.0,200.0
Satanta,1,30,30.0,30.0
Sauk Centre,1,30,30.0,30.0
Sault Sainte Marie,1,200,200.0,200.0
Savannah,4,800,200.0,200.0
Sayre,1,200,200.0,200.0
Schenectady,2,400,200.0,200.0
Schuyler,1,30,30.0,30.0
Scobey,1,30,30.0,30.0
Scotland,1,30,30.0,30.0
Scotland Neck,1,30,30.0,30.0
Scott City,1,30,30.0,30.0
Scottsbluff,1,200,200.0,200.0
Scottsboro,1,200,200.0,200.0
Scottsburg,1,30,30.0,30.0
Scottsdale,3,600,200.0,200.0
Scottsville,1,30,30.0,30.0
Scranton,3,600,200.0,200.0
Seaford,1,200,200.0,200.0
Seaman,1,30,30.0,30.0
Searcy,1,200,200.0,200.0
Seaside,1,30,30.0,30.0
Seattle,8,1500,187.5,187.5
Sebastian,1,200,200.0,200.0
Sebastopol,1,200,200.0,200.0
Sebring,2,400,200.0,200.0
Secaucus,1,200,200.0,200.0
Sedalia,1,200,200.0,200.0
Sedan,1,30,30.0,30.0
Sedro Woolley,1,30,30.0,30.0
Seguin,1,200,200.0,200.0
Seiling,1,30,30.0,30.0
Sellersville,1,200,200.0,200.0
Sells,1,200,200.0,200.0
Selma,1,200,200.0,200.0
Seminole,2,230,115.0,115.0
Senatobia,1,200,200.0,200.0
Seneca,3,430,143.33333333333334,143.33333333333334
Sevierville,1,200,200.0,200.0
Seward,2,60,30.0,30.0
Sewickley,1,200,200.0,200.0
Seymour,2,400,200.0,200.0
Shakopee,1,200,200.0,200.0
Shamrock,1,30,30.0,30.0
Sharon,2,400,200.0,200.0
Shattuck,1,30,30.0,30.0
Shawano,1,30,30.0,30.0
Shawnee,1,200,200.0,200.0
Shawnee Mission,1,200,200.0,200.0
Sheboygan,2,400,200.0,200.0
Sheffield,1,200,200.0,200.0
Shelby,4,290,72.5,72.5
Shelbyville,4,800,200.0,200.0
Sheldon,1,30,30.0,30.0
Shell Lake,1,30,30.0,30.0
Shelton,1,30,30.0,30.0
Shenandoah,2,230,115.0,115.0
Sheridan,3,260,86.66666666666667,86.66666666666667
Sherman,2,400,200.0,200.0
Sherman Oaks,1,200,200.0,200.0
Sherwood,1,200,200.0,200.0
Shiloh,1,200,200.0,200.0
Shiprock,1,200,200.0,200.0
Show Low,1,200,200.0,200.0
Shreveport,5,900,180.0,180.0
Sibley,1,30,30.0,30.0
Sidney,4,460,115.0,115.0
Sierra Vista,1,200,200.0,200.0
Sigourney,1,30,30.0,30.0
Sikeston,1,200,200.0,200.0
Siler City,1,30,30.0,30.0
Siloam Springs,1,200,200.0,200.0
Silver City,1,200,200.0,200.0
Silver Spring,1,200,200.0,200.0
Silverton,1,200,200.0,200.0
Silvis,1,200,200.0,200.0
Simi Valley,1,200,200.0,200.0
Simpsonville,1,200,200.0,200.0
Sioux Center,1,30,30.0,30.0
Sioux City,2,400,200.0,200.0
Sioux Falls,5,900,180.0,180.0
Sisseton,1,30,30.0,30.0
Sistersville,1,30,30.0,30.0
Sitka,2,60,30.0,30.0
Skowhegan,1,30,30.0,30.0
Slayton,1,30,30.0,30.0
Sleepy Eye,1,30,30.0,30.0
Sleepy Hollow,1,200,200.0,200.0
Slidell,4,800,200.0,200.0
Smith Center,1,30,30.0,30.0
Smithfield,1,200,200.0,200.0
Smithtown,1,200,200.0,200.0
Smithville,2,400,200.0,200.0
Smyrna,1,200,200.0,200.0
Sneedville,1,30,30.0,30.0
Snellville,1,200,200.0,200.0
Snoqualmie,1,30,30.0,30.0
Snyder,1,30,30.0,30.0
Socorro,1,30,30.0,30.0
Soda Springs,1,30,30.0,30.0
Soldotna,1,200,200.0,200.0
Solvang,1,30,30.0,30.0
Somers Point,1,200,200.0,200.0
Somerset,2,400,200.0,200.0
Somerville,1,200,200.0,200.0
Sonoma,1,200,200.0,200.0
Sonora,2,230,115.0,115.0
South Bend,2,230,115.0,115.0
South Boston,1,200,200.0,200.0
South Charleston,1,200,200.0,200.0
South El Monte,1,200,200.0,200.0
South Haven,1,200,200.0,200.0
South Hill,1,200,200.0,200.0
South Lake Tahoe,1,200,200.0,200.0
South Miami,2,400,200.0,200.0
South San Francisco,1,200,200.0,200.0
South Weymouth,1,200,200.0,200.0
South Williamson,1,200,200.0,200.0
Southampton,1,200,200.0,200.0
Southaven,1,200,200.0,200.0
Southbridge,1,200,200.0,200.0
Southfield,3,600,200.0,200.0
Southlake,1,200,200.0,200.0
Southport,1,30,30.0,30.0
Sparks,1,200,200.0,200.0
Sparta,4,290,72.5,72.5
Spartanburg,2,400,200.0,200.0
Spearfish,1,200,200.0,200.0
Spearman,1,30,30.0,30.0
Spencer,2,230,115.0,115.0
Spirit Lake,1,200,200.0,200.0
Spokane,5,900,180.0,180.0
Spooner,1,30,30.0,30.0
Spring Valley,1,200,200.0,200.0
Springdale,1,200,200.0,200.0
Springerville,1,30,30.0,30.0
Springfield,16,2420,151.25,151.25
Springhill,1,200,200.0,200.0
Springville,1,200,200.0,200.0
Spruce Pine,1,30,30.0,30.0
St Croix,1,200,200.0,200.0
St Francis,1,30,30.0,30.0
St George,1,200,200.0,200.0
St James,1,30,30.0,30.0
St Joseph,1,200,200.0,200.0
St Maries,1,30,30.0,30.0
St Paul,1,30,30.0,30.0
St Peter,1,30,30.0,30.0
St Thomas,1,200,200.0,200.0
Stafford,2,230,115.0,115.0
Stafford Springs,1,200,200.0,200.0
Stamford,2,400,200.0,200.0
Standish,1,30,30.0,30.0
Stanford,2,230,115.0,115.0
Stanley,2,60,30.0,30.0
Stanton,1,30,30.0,30.0
Staples,1,30,30.0,30.0
Star Lake,1,30,30.0,30.0
Starke,1,30,30.0,30.0
Starkville,1,200,200.0,200.0
State College,1,200,200.0,200.0
Staten Island,2,400,200.0,200.0
Statesboro,1,200,200.0,200.0
Statesville,2,400,200.0,200.0
Staunton,1,30,30.0,30.0
Stayton,1,200,200.0,200.0
Steamboat Springs,1,200,200.0,200.0
Stephenville,1,200,200.0,200.0
Sterling,2,400,200.0,200.0
Steubenville,1,200,200.0,200.0
Stevens Point,1,200,200.0,200.0
Stigler,1,30,30.0,30.0
Stillwater,2,400,200.0,200.0
Stilwell,1,200,200.0,200.0
Stockbridge,1,200,200.0,200.0
Stockton,2,400,200.0,200.0
Stony Brook,1,200,200.0,200.0
Storm Lake,1,30,30.0,30.0
Stoughton,1,30,30.0,30.0
Stratford,1,200,200.0,200.0
Stroud,1,30,30.0,30.0
Stroudsburg,1,200,200.0,200.0
Stuart,2,230,115.0,115.0
Sturgeon Bay,1,30,30.0,30.0
Sturgis,2,230,115.0,115.0
Stuttgart,1,200,200.0,200.0
Suffern,1,200,200.0,200.0
Suffolk,1,200,200.0,200.0
Sugar Land,5,1000,200.0,200.0
Sullivan,2,60,30.0,30.0
Sulphur,2,230,115.0,115.0
Sulphur Springs,1,200,200.0,200.0
Summersville,1,200,200.0,200.0
Summit,2,400,200.0,200.0
Sumner,1,30,30.0,30.0
Sumter,1,200,200.0,200.0
Sun City,2,400,200.0,200.0
Sun City Center,1,200,200.0,200.0
Sun City West,1,200,200.0,200.0
Sun Valley,1,200,200.0,200.0
Sunbury,1,200,200.0,200.0
Sundance,1,30,30.0,30.0
Sunnyside,1,30,30.0,30.0
Sunnyvale,1,200,200.0,200.0
Superior,3,90,30.0,30.0
Supply,1,200,200.0,200.0
Susanville,1,30,30.0,30.0
Susquehanna,1,30,30.0,30.0
Swainsboro,1,200,200.0,200.0
Sweeny,1,30,30.0,30.0
Sweet Springs,1,30,30.0,30.0
Sweetwater,2,400,200.0,200.0
Sylacauga,1,200,200.0,200.0
Sylmar,1,200,200.0,200.0
Sylva,1,200,200.0,200.0
Sylvania,2,230,115.0,115.0
Sylvester,1,30,30.0,30.0
Syracuse,5,660,132.0,132.0
T Or C,1,30,30.0,30.0
Tacoma,3,500,166.66666666666666,166.66666666666666
Tahlequah,2,400,200.0,200.0
Tahoka,1,30,30.0,30.0
Takoma Park,1,200,200.0,200.0
Talihina,1,200,200.0,200.0
Talladega,1,200,200.0,200.0
Tallahassee,2,400,200.0,200.0
Tallassee,1,200,200.0,200.0
Tallulah,1,30,30.0,30.0
Tamarac,1,200,200.0,200.0
Tampa,7,1300,185.71428571428572,185.71428571428572
Tamuning,1,200,200.0,200.0
Taos,1,200,200.0,200.0
Tappahannock,1,200,200.0,200.0
Tarboro,1,200,200.0,200.0
Tarpon Springs,1,200,200.0,200.0
Tarzana,1,200,200.0,200.0
Taunton,1,200,200.0,200.0
Tavares,1,200,200.0,200.0
Tavernier,1,30,30.0,30.0
Tawas City,1,200,200.0,200.0
Taylor,2,230,115.0,115.0
Taylorville,1,30,30.0,30.0
Tazewell,2,400,200.0,200.0
Teaneck,1,200,200.0,200.0
Tecumseh,2,60,30.0,30.0
Tehachapi,1,30,30.0,30.0
Tell City,1,30,30.0,30.0
Temecula,1,200,200.0,200.0
Temple,1,200,200.0,200.0
Templeton,1,200,200.0,200.0
Terre Haute,2,400,200.0,200.0
Terry,1,30,30.0,30.0
Texarkana,2,400,200.0,200.0
The Dalles,1,200,200.0,200.0
The Villages,1,200,200.0,200.0
The Woodlands,2,400,200.0,200.0
Thermopolis,1,30,30.0,30.0
Thibodaux,1,200,200.0,200.0
Thief River Falls,1,30,30.0,30.0
Thomaston,1,200,200.0,200.0
Thomasville,2,400,200.0,200.0
Thomson,1,200,200.0,200.0
Thornton,1,200,200.0,200.0
Thousand Oaks,1,200,200.0,200.0
Three Rivers,1,200,200.0,200.0
Throckmorton,1,30,30.0,30.0
Ticonderoga,1,30,30.0,30.0
Tiffin,1,200,200.0,200.0
Tifton,1,200,200.0,200.0
Tillamook,1,30,30.0,30.0
Tioga,1,30,30.0,30.0
Tipton,1,30,30.0,30.0
Tishomingo,1,30,30.0,30.0
Titusville,2,230,115.0,115.0
Toccoa,1,200,200.0,200.0
Toledo,4,800,200.0,200.0
Tomah,1,30,30.0,30.0
Tomahawk,1,30,30.0,30.0
Tomball,2,400,200.0,200.0
Tompkinsville,1,200,200.0,200.0
Toms River,1,200,200.0,200.0
Tonasket,1,30,30.0,30.0
Tooele,1,200,200.0,200.0
Topeka,2,400,200.0,200.0
Toppenish,1,200,200.0,200.0
Torrance,3,600,200.0,200.0
Torrington,2,230,115.0,115.0
Towanda,1,200,200.0,200.0
Town And Country,1,200,200.0,200.0
Townsend,1,30,30.0,30.0
Townshend,1,30,30.0,30.0
Towson,1,200,200.0,200.0
Tracy,2,230,115.0,115.0
Transfer,1,200,200.0,200.0
Traverse City,1,200,200.0,200.0
Tremonton,1,200,200.0,200.0
Trenton,4,630,157.5,157.5
Tribune,1,30,30.0,30.0
Trinidad,1,30,30.0,30.0
Trinity,2,400,200.0,200.0
Trophy Club,1,200,200.0,200.0
Troy,9,1290,143.33333333333334,143.33333333333334
Truckee,1,30,30.0,30.0
Tualatin,1,200,200.0,200.0
Tuba City,1,200,200.0,200.0
Tucson,6,1200,200.0,200.0
Tucumcari,1,30,30.0,30.0
Tulare,1,200,200.0,200.0
Tulia,1,30,30.0,30.0
Tullahoma,1,200,200.0,200.0
Tulsa,10,2000,200.0,200.0
Tunkhannock,1,200,200.0,200.0
Tupelo,1,200,200.0,200.0
Turlock,1,200,200.0,200.0
Turtle Lake,1,30,30.0,30.0
Tuscaloosa,1,200,200.0,200.0
Tustin,1,200,200.0,200.0
Twin Falls,1,200,200.0,200.0
Two Harbors,1,30,30.0,30.0
Two Rivers,1,200,200.0,200.0
Tyler,5,830,166.0,166.0
Tylertown,1,30,30.0,30.0
Tyndall,1,30,30.0,30.0
Tyrone,1,30,30.0,30.0
Ukiah,1,200,200.0,200.0
Ulysses,1,200,200.0,200.0
Union,2,230,115.0,115.0
Union City,1,200,200.0,200.0
Union Springs,1,200,200.0,200.0
Uniontown,1,200,200.0,200.0
Unionville,1,30,30.0,30.0
Upland,2,400,200.0,200.0
Upper Sandusky,1,30,30.0,30.0
Urbana,3,430,143.33333333333334,143.33333333333334
Utica,2,400,200.0,200.0
Uvalde,1,30,30.0,30.0
Vacaville,1,200,200.0,200.0
Vail,1,200,200.0,200.0
Valdez,1,30,30.0,30.0
Valdosta,1,200,200.0,200.0
Valencia,1,200,200.0,200.0
Valentine,1,30,30.0,30.0
Valhalla,2,300,150.0,150.0
Vallejo,2,400,200.0,200.0
Valley City,1,30,30.0,30.0
Valparaiso,1,200,200.0,200.0
Van Buren,1,200,200.0,200.0
Van Horn,1,30,30.0,30.0
Van Nuys,1,200,200.0,200.0
Van Wert,1,200,200.0,200.0
Vancouver,2,400,200.0,200.0
Vandalia,1,30,30.0,30.0
Varnville,1,200,200.0,200.0
Vega Baja,1,200,200.0,200.0
Venice,1,200,200.0,200.0
Ventura,2,400,200.0,200.0
Vermillion,1,30,30.0,30.0
Vernal,1,200,200.0,200.0
Vernon,1,200,200.0,200.0
Vero Beach,1,200,200.0,200.0
Versailles,1,30,30.0,30.0
Viborg,1,30,30.0,30.0
Vicksburg,1,200,200.0,200.0
Victoria,2,400,200.0,200.0
Victorville,2,400,200.0,200.0
Vidalia,1,200,200.0,200.0
Villa Rica,1,200,200.0,200.0
Ville Platte,1,200,200.0,200.0
Vincennes,1,200,200.0,200.0
Vineland,1,200,200.0,200.0
Vinita,1,200,200.0,200.0
Vinton,1,30,30.0,30.0
Virginia,1,200,200.0,200.0
Virginia Beach,2,400,200.0,200.0
Viroqua,1,30,30.0,30.0
Visalia,1,200,200.0,200.0
Vivian,1,30,30.0,30.0
W Concord,1,200,200.0,200.0
Wa Keeney,1,30,30.0,30.0
Wabash,1,30,30.0,30.0
Wabasha,1,30,30.0,30.0
Waco,2,400,200.0,200.0
Waconia,1,200,200.0,200.0
Wadena,1,30,30.0,30.0
Wadesboro,1,200,200.0,200.0
Wagner,1,30,30.0,30.0
Wagoner,1,200,200.0,200.0
Wahiawa,1,200,200.0,200.0
Wahoo,1,30,30.0,30.0
Wailuku,1,200,200.0,200.0
Waimea,1,30,30.0,30.0
Wakefield,1,200,200.0,200.0
Waldron,1,30,30.0,30.0
Walla Walla,2,400,200.0,200.0
Wallingford,1,200,200.0,200.0
Walnut Creek,2,400,200.0,200.0
Walnut Ridge,1,30,30.0,30.0
Walsenburg,1,30,30.0,30.0
Walterboro,1,200,200.0,200.0
Walton,1,30,30.0,30.0
Wamego,1,30,30.0,30.0
Ware,1,200,200.0,200.0
Warm Springs,1,30,30.0,30.0
Warner Robins,1,200,200.0,200.0
Warren,7,1060,151.42857142857142,151.42857142857142
Warrensburg,1,200,200.0,200.0
Warrensville Heights,1,200,200.0,200.0
Warrenton,1,200,200.0,200.0
Warsaw,2,400,200.0,200.0
Warwick,2,400,200.0,200.0
Waseca,1,30,30.0,30.0
Washington,16,2590,161.875,161.875
Washington Ch,1,30,30.0,30.0
Water Valley,1,200,200.0,200.0
Waterbury,2,400,200.0,200.0
Waterloo,2,400,200.0,200.0
Watertown,3,600,200.0,200.0
Waterville,1,200,200.0,200.0
Watervliet,1,200,200.0,200.0
Watford City,1,30,30.0,30.0
Watonga,1,30,30.0,30.0
Watseka,1,200,200.0,200.0
Watsonville,1,200,200.0,200.0
Wauchula,1,30,30.0,30.0
Waukegan,2,400,200.0,200.0
Waukesha,1,200,200.0,200.0
Waukon,1,30,30.0,30.0
Waupaca,1,30,30.0,30.0
Waupun,1,30,30.0,30.0
Waurika,1,30,30.0,30.0
Wausau,1,200,200.0,200.0
Wauseon,1,30,30.0,30.0
Waverly,3,90,30.0,30.0
Waxahachie,1,200,200.0,200.0
Waycross,1,200,200.0,200.0
Wayne,2,230,115.0,115.0
Waynesboro,4,800,200.0,200.0
Waynesburg,1,200,200.0,200.0
Weatherford,2,230,115.0,115.0
Weaverville,1,30,30.0,30.0
Webster,4,630,157.5,157.5
Webster City,1,30,30.0,30.0
Webster Springs,1,30,30.0,30.0
Wedowee,1,200,200.0,200.0
Weimar,1,200,200.0,200.0
Weirton,1,200,200.0,200.0
Weiser,1,30,30.0,30.0
Welch,1,200,200.0,200.0
Wellington,3,430,143.33333333333334,143.33333333333334
Wellsboro,1,30,30.0,30.0
Wellsville,1,200,200.0,200.0
Wenatchee,2,400,200.0,200.0
Weslaco,1,200,200.0,200.0
Wesley Chapel,1,200,200.0,200.0
Wessington Springs,1,30,30.0,30.0
West Allis,1,200,200.0,200.0
West Bend,1,200,200.0,200.0
West Bloomfield,1,200,200.0,200.0
West Branch,1,200,200.0,200.0
West Burlington,1,200,200.0,200.0
West Chester,2,400,200.0,200.0
West Columbia,1,200,200.0,200.0
West Covina,1,200,200.0,200.0
West Grove,1,200,200.0,200.0
West Hartford,1,200,200.0,200.0
West Haverstraw,1,200,200.0,200.0
West Hills,1,200,200.0,200.0
West Islip,1,200,200.0,200.0
West Jordan,1,200,200.0,200.0
West Liberty,1,30,30.0,30.0
West Monroe,1,200,200.0,200.0
West Palm Beach,2,400,200.0,200.0
West Plains,1,200,200.0,200.0
West Point,2,230,115.0,115.0
West Union,1,30,30.0,30.0
Westbrook,1,30,30.0,30.0
Westerly,1,200,200.0,200.0
Westerville,1,200,200.0,200.0
Westfield,2,400,200.0,200.0
Westlake,1,200,200.0,200.0
Westminster,2,400,200.0,200.0
Weston,3,600,200.0,200.0
Westwood,1,200,200.0,200.0
Wetumpka,1,200,200.0,200.0
Wharton,1,200,200.0,200.0
Wheat Ridge,1,200,200.0,200.0
Wheatland,1,30,30.0,30.0
Wheaton,1,30,30.0,30.0
Wheeler,1,30,30.0,30.0
Wheeling,2,400,200.0,200.0
White Plains,1,200,200.0,200.0
White Salmon,1,30,30.0,30.0
White Sulphur Spring,1,30,30.0,30.0
Whitefish,1,30,30.0,30.0
Whitehall,1,30,30.0,30.0
Whiteriver,1,200,200.0,200.0
Whitesburg,1,200,200.0,200.0
Whiteville,1,200,200.0,200.0
Whitfield,1,200,200.0,200.0
Whittier,2,400,200.0,200.0
Wichita,6,1200,200.0,200.0
Wichita Falls,2,400,200.0,200.0
Wickenburg,1,30,30.0,30.0
Wiggins,1,30,30.0,30.0
Wilburton,1,200,200.0,200.0
Wild Rose,1,30,30.0,30.0
Wilkes Barre,1,200,200.0,200.0
Wilkes-Barre,1,200,200.0,200.0
Willard,1,30,30.0,30.0
Willcox,1,30,30.0,30.0
Williamsburg,2,400,200.0,200.0
Williamson,1,200,200.0,200.0
Williamsport,2,230,115.0,115.0
Williamston,1,200,200.0,200.0
Williamstown,1,30,30.0,30.0
Willimantic,1,200,200.0,200.0
Willingboro,1,200,200.0,200.0
Williston,2,230,115.0,115.0
Willits,1,30,30.0,30.0
Willmar,1,200,200.0,200.0
Willows,1,30,30.0,30.0
Wilmington,5,900,180.0,180.0
Wilson,1,200,200.0,200.0
Winamac,1,30,30.0,30.0
Winchester,6,860,143.33333333333334,143.33333333333334
Windber,1,200,200.0,200.0
Winder,1,200,200.0,200.0
Windom,1,30,30.0,30.0
Windsor,2,60,30.0,30.0
Winfield,3,430,143.33333333333334,143.33333333333334
Winnemucca,1,30,30.0,30.0
Winner,1,30,30.0,30.0
Winnfield,1,200,200.0,200.0
Winnie,1,30,30.0,30.0
Winnsboro,3,260,86.66666666666667,86.66666666666667
Winona,2,230,115.0,115.0
Winslow,1,30,30.0,30.0
Winston-Salem,3,600,200.0,200.0
Winter Haven,1,200,200.0,200.0
Winters,1,30,30.0,30.0
Winterset,1,30,30.0,30.0
Wisconsin Rapids,1,200,200.0,200.0
Wishek,1,30,30.0,30.0
Wolf Point,1,30,30.0,30.0
Wolfeboro,1,30,30.0,30.0
Woodbridge,1,200,200.0,200.0
Woodbury,3,600,200.0,200.0
Woodland,1,200,200.0,200.0
Woodland Hills,2,400,200.0,200.0
Woodland Park,1,30,30.0,30.0
Woodruff,1,200,200.0,200.0
Woodstock,2,230,115.0,115.0
Woodsville,1,30,30.0,30.0
Woodville,1,200,200.0,200.0
Woodward,1,200,200.0,200.0
Woonsocket,1,200,200.0,200.0
Wooster,1,200,200.0,200.0
Worcester,3,600,200.0,200.0
Worland,1,30,30.0,30.0
Worthington,1,200,200.0,200.0
Wrangell,1,30,30.0,30.0
Wray,1,30,30.0,30.0
Wyandotte,1,200,200.0,200.0
Wynne,1,30,30.0,30.0
Wynnewood,1,200,200.0,200.0
Wyoming,2,400,200.0,200.0
Wyomissing,1,200,200.0,200.0
Wytheville,1,200,200.0,200.0
Xenia,1,200,200.0,200.0
Yakima,2,400,200.0,200.0
Yankton,2,400,200.0,200.0
Yauco,1,200,200.0,200.0
Yazoo City,1,30,30.0,30.0
Yerington,1,30,30.0,30.0
Yoakum,1,30,30.0,30.0
Yonkers,2,400,200.0,200.0
York,7,1230,175.71428571428572,175.71428571428572
Youngstown,3,600,200.0,200.0
Ypsilanti,1,200,200.0,200.0
Yreka,1,30,30.0,30.0
Yuba City,1,200,200.0,200.0
Yukon,1,200,200.0,200.0
Yuma,2,230,115.0,115.0
Zachary,1,200,200.0,200.0
Zanesville,1,200,200.0,200.0
Zeeland,1,200,200.0,200.0
Zephyrhills,1,200,200.0,200.0
Zion,1,200,200.0,200.0
Zuni,1,200,200.0,200.0
